user_id,item_id,rating,label
163,102,2.9,0.0
187,121,1.4,0.0
89,290,4.2,1.0
30,298,1.6,0.0
39,96,5.0,1.0
166,102,2.5,0.0
102,160,4.9,1.0
52,28,4.6,1.0
161,271,4.7,1.0
98,283,2.5,0.0
174,186,2.9,0.0
12,216,1.4,0.0
81,175,4.7,1.0
97,89,4.0,1.0
107,176,4.1,1.0
63,146,3.3,0.0
84,172,4.7,1.0
114,272,3.1,0.0
95,115,3.6,1.0
181,238,4.0,1.0
77,212,3.4,0.0
187,186,3.4,0.0
146,289,4.0,1.0
151,299,3.5,1.0
4,177,1.7,0.0
95,285,2.7,0.0
73,51,3.0,0.0
194,287,5.0,1.0
30,261,1.9,0.0
0,245,1.0,0.0
162,63,1.4,0.0
58,46,3.7,1.0
117,3,1.1,0.0
45,90,5.0,1.0
142,220,4.5,1.0
99,130,4.5,1.0
130,122,2.8,0.0
156,204,4.9,1.0
150,265,3.2,0.0
153,99,4.2,1.0
3,171,2.0,0.0
77,200,2.3,0.0
193,10,1.0,0.0
82,161,4.5,1.0
66,207,3.4,0.0
85,218,2.6,0.0
69,258,3.2,0.0
21,67,4.5,1.0
189,177,3.5,1.0
170,295,5.0,1.0
114,146,4.0,1.0
20,114,4.8,1.0
112,54,2.3,0.0
45,63,4.8,1.0
143,237,5.0,1.0
197,71,1.4,0.0
57,229,1.6,0.0
97,299,3.8,1.0
74,257,3.3,0.0
138,98,2.8,0.0
187,94,3.1,0.0
60,116,4.8,1.0
46,14,5.0,1.0
53,166,3.8,1.0
157,210,3.7,1.0
128,285,3.8,1.0
13,20,5.0,1.0
94,84,2.3,0.0
45,282,1.1,0.0
17,258,1.8,0.0
8,293,1.0,0.0
138,35,1.9,0.0
170,150,3.4,0.0
61,279,1.0,0.0
112,230,4.5,1.0
58,272,1.5,0.0
160,190,5.0,1.0
144,227,5.0,1.0
112,94,3.8,1.0
47,169,3.5,1.0
30,167,3.3,0.0
104,206,5.0,1.0
45,131,4.1,1.0
184,122,2.1,0.0
197,93,1.8,0.0
111,182,5.0,1.0
100,151,5.0,1.0
172,65,1.5,0.0
77,112,4.2,1.0
121,140,5.0,1.0
69,66,5.0,1.0
170,9,1.0,0.0
58,167,4.1,1.0
152,262,4.5,1.0
4,290,1.0,0.0
113,233,4.9,1.0
126,177,5.0,1.0
163,216,5.0,1.0
186,100,1.0,0.0
30,79,3.9,1.0
110,32,4.6,1.0
98,179,4.1,1.0
110,295,2.7,0.0
139,287,5.0,1.0
120,54,4.3,1.0
166,295,3.9,1.0
113,192,4.6,1.0
147,243,5.0,1.0
150,95,3.0,0.0
97,58,4.4,1.0
160,222,3.9,1.0
69,71,4.3,1.0
137,122,4.7,1.0
137,229,4.8,1.0
163,204,3.7,1.0
116,248,3.1,0.0
89,66,4.1,1.0
190,225,2.8,0.0
76,124,5.0,1.0
168,15,2.1,0.0
28,138,4.0,1.0
144,91,2.0,0.0
64,155,4.9,1.0
144,171,3.6,1.0
157,203,5.0,1.0
121,251,4.2,1.0
106,158,4.7,1.0
67,100,5.0,1.0
198,202,3.5,1.0
5,285,1.0,0.0
136,215,4.3,1.0
100,32,3.3,0.0
163,48,2.0,0.0
128,16,2.7,0.0
70,141,4.5,1.0
62,65,5.0,1.0
135,242,4.8,1.0
83,128,5.0,1.0
52,127,4.5,1.0
187,67,1.3,0.0
104,75,3.8,1.0
146,263,2.9,0.0
115,182,4.0,1.0
28,117,3.5,1.0
91,131,4.2,1.0
26,284,2.3,0.0
45,115,3.7,1.0
101,36,1.9,0.0
104,267,3.5,1.0
169,284,5.0,1.0
38,145,3.8,1.0
126,33,2.6,0.0
84,119,5.0,1.0
92,56,4.2,1.0
87,34,4.3,1.0
146,201,5.0,1.0
136,55,2.2,0.0
12,298,1.0,0.0
3,200,2.1,0.0
8,125,3.9,1.0
133,108,3.1,0.0
116,104,2.7,0.0
163,153,4.4,1.0
181,50,1.0,0.0
135,155,3.9,1.0
5,67,4.8,1.0
115,87,3.1,0.0
41,197,3.6,1.0
81,2,4.4,1.0
148,226,5.0,1.0
75,69,4.4,1.0
11,18,4.7,1.0
12,171,1.8,0.0
121,263,3.5,1.0
152,56,2.9,0.0
126,196,4.9,1.0
8,197,1.4,0.0
20,111,4.3,1.0
177,34,1.0,0.0
102,192,4.5,1.0
111,71,3.6,1.0
16,115,2.2,0.0
16,135,1.9,0.0
3,37,5.0,1.0
140,48,1.0,0.0
163,29,1.7,0.0
30,111,3.6,1.0
88,65,1.8,0.0
135,106,3.6,1.0
136,252,3.6,1.0
54,134,4.4,1.0
11,207,2.2,0.0
148,107,2.3,0.0
46,181,3.2,0.0
142,7,1.6,0.0
115,203,4.7,1.0
37,22,3.3,0.0
127,137,2.7,0.0
6,218,1.0,0.0
12,185,2.1,0.0
95,134,4.1,1.0
27,228,1.6,0.0
32,16,4.6,1.0
178,157,3.3,0.0
133,289,3.2,0.0
106,288,3.7,1.0
56,285,2.4,0.0
51,65,5.0,1.0
0,149,1.8,0.0
84,155,4.4,1.0
121,25,1.2,0.0
15,132,3.2,0.0
93,108,4.4,1.0
148,296,4.5,1.0
78,128,5.0,1.0
103,274,3.5,1.0
49,146,3.9,1.0
39,267,1.1,0.0
170,161,3.4,0.0
31,191,2.9,0.0
79,191,4.1,1.0
99,256,3.5,1.0
65,229,2.0,0.0
57,17,4.1,1.0
62,146,3.4,0.0
33,188,2.8,0.0
95,142,5.0,1.0
99,212,3.0,0.0
75,31,3.3,0.0
13,28,3.8,1.0
73,105,5.0,1.0
41,261,1.7,0.0
150,146,2.3,0.0
166,233,4.7,1.0
104,83,2.8,0.0
136,270,4.4,1.0
124,273,3.8,1.0
197,250,2.8,0.0
169,131,2.0,0.0
38,165,4.2,1.0
118,234,5.0,1.0
61,22,2.2,0.0
16,130,4.1,1.0
71,89,3.6,1.0
107,194,4.2,1.0
128,263,3.7,1.0
133,177,4.2,1.0
186,20,1.2,0.0
38,292,2.0,0.0
20,258,1.0,0.0
86,39,2.5,0.0
164,250,4.8,1.0
159,292,3.9,1.0
179,93,1.8,0.0
191,190,3.7,1.0
162,174,4.3,1.0
196,48,1.8,0.0
181,212,3.6,1.0
181,291,4.6,1.0
100,135,4.7,1.0
130,246,4.8,1.0
115,13,1.0,0.0
157,78,1.1,0.0
91,220,4.2,1.0
77,168,4.2,1.0
2,102,3.6,1.0
5,127,2.9,0.0
93,204,4.3,1.0
150,151,4.2,1.0
53,239,2.0,0.0
66,26,3.0,0.0
131,38,2.5,0.0
66,230,3.8,1.0
78,295,1.1,0.0
37,280,1.2,0.0
174,22,1.0,0.0
163,198,2.9,0.0
89,91,4.8,1.0
24,219,1.1,0.0
128,173,5.0,1.0
46,181,2.0,0.0
102,297,2.2,0.0
3,79,3.7,1.0
30,76,4.6,1.0
179,149,2.6,0.0
60,104,3.9,1.0
1,220,2.5,0.0
71,254,2.4,0.0
29,177,3.1,0.0
174,199,5.0,1.0
49,238,2.5,0.0
52,117,3.7,1.0
91,133,4.2,1.0
39,238,3.2,0.0
86,94,5.0,1.0
122,17,1.6,0.0
122,14,3.1,0.0
63,143,5.0,1.0
158,90,2.1,0.0
133,164,4.8,1.0
140,141,4.2,1.0
21,187,2.0,0.0
145,284,3.5,1.0
163,267,4.9,1.0
14,104,3.4,0.0
15,292,1.0,0.0
63,68,3.4,0.0
43,67,5.0,1.0
174,151,2.2,0.0
28,101,3.8,1.0
139,75,1.6,0.0
14,55,4.9,1.0
145,260,3.7,1.0
187,85,2.9,0.0
188,75,1.2,0.0
35,222,1.3,0.0
4,123,3.2,0.0
97,168,5.0,1.0
16,268,1.0,0.0
185,38,1.0,0.0
160,234,5.0,1.0
171,293,4.2,1.0
118,234,4.3,1.0
2,162,3.2,0.0
194,290,4.6,1.0
139,137,4.2,1.0
22,165,2.6,0.0
192,264,4.1,1.0
149,108,2.7,0.0
42,284,1.0,0.0
23,131,4.6,1.0
137,137,2.8,0.0
133,96,2.1,0.0
125,208,5.0,1.0
74,149,4.0,1.0
6,13,5.0,1.0
33,51,5.0,1.0
49,71,4.1,1.0
72,130,4.1,1.0
139,68,2.3,0.0
132,26,1.2,0.0
25,35,4.6,1.0
150,244,5.0,1.0
4,272,1.7,0.0
174,71,2.1,0.0
22,209,1.6,0.0
54,73,5.0,1.0
143,177,3.7,1.0
180,232,3.1,0.0
148,170,3.8,1.0
181,56,3.1,0.0
109,59,4.3,1.0
91,33,2.6,0.0
180,297,5.0,1.0
156,24,1.0,0.0
78,42,3.9,1.0
18,20,4.8,1.0
100,179,5.0,1.0
127,130,3.9,1.0
127,208,4.6,1.0
111,160,3.5,1.0
18,279,1.0,0.0
19,191,2.0,0.0
128,12,1.2,0.0
94,11,3.7,1.0
74,99,4.6,1.0
108,71,4.4,1.0
5,193,1.0,0.0
37,236,3.3,0.0
176,265,5.0,1.0
93,183,4.2,1.0
90,42,4.3,1.0
81,53,2.2,0.0
162,156,3.4,0.0
194,288,3.7,1.0
186,34,1.4,0.0
33,14,4.8,1.0
7,0,5.0,1.0
165,281,4.7,1.0
23,72,4.4,1.0
172,78,3.1,0.0
182,84,1.0,0.0
94,161,5.0,1.0
133,259,4.3,1.0
49,36,4.1,1.0
68,98,5.0,1.0
102,193,4.3,1.0
165,71,2.6,0.0
19,26,4.7,1.0
81,234,3.9,1.0
189,30,1.0,0.0
28,199,2.0,0.0
85,152,2.9,0.0
103,233,2.9,0.0
168,103,3.0,0.0
167,17,1.0,0.0
106,71,4.9,1.0
12,160,1.5,0.0
188,289,4.0,1.0
157,68,2.0,0.0
24,162,3.2,0.0
172,103,2.9,0.0
178,209,4.4,1.0
19,74,5.0,1.0
77,291,2.3,0.0
179,224,4.7,1.0
191,61,1.9,0.0
55,119,4.9,1.0
40,273,2.1,0.0
27,156,4.2,1.0
197,236,4.5,1.0
110,8,2.0,0.0
145,252,5.0,1.0
172,92,1.9,0.0
112,127,4.3,1.0
5,63,3.4,0.0
158,19,1.7,0.0
16,52,4.5,1.0
27,256,2.3,0.0
79,246,2.5,0.0
164,57,2.4,0.0
99,120,4.6,1.0
135,150,3.8,1.0
4,228,1.0,0.0
53,28,3.9,1.0
35,44,5.0,1.0
50,188,2.3,0.0
193,172,2.5,0.0
122,97,3.1,0.0
133,112,2.7,0.0
161,51,1.2,0.0
116,277,2.4,0.0
197,282,4.7,1.0
161,27,1.0,0.0
147,26,1.0,0.0
26,148,2.0,0.0
195,42,1.3,0.0
64,245,1.6,0.0
193,214,3.8,1.0
128,25,2.8,0.0
168,153,4.1,1.0
18,149,3.8,1.0
182,178,2.3,0.0
86,155,4.8,1.0
122,14,2.7,0.0
35,264,1.1,0.0
174,133,2.0,0.0
9,289,1.0,0.0
97,56,3.4,0.0
143,191,4.6,1.0
65,29,4.4,1.0
125,54,2.4,0.0
182,171,1.8,0.0
155,299,3.7,1.0
165,62,1.0,0.0
56,136,2.8,0.0
81,267,4.0,1.0
180,104,1.4,0.0
156,169,4.6,1.0
136,282,4.6,1.0
128,126,3.0,0.0
171,202,4.2,1.0
119,204,4.2,1.0
126,221,5.0,1.0
163,86,1.4,0.0
5,220,1.5,0.0
187,51,1.5,0.0
15,106,4.9,1.0
123,73,2.6,0.0
3,20,5.0,1.0
108,55,3.1,0.0
176,276,4.2,1.0
167,62,1.4,0.0
172,156,3.9,1.0
139,170,4.5,1.0
8,31,5.0,1.0
34,271,1.4,0.0
163,270,4.8,1.0
180,28,1.0,0.0
12,205,2.1,0.0
149,229,5.0,1.0
158,275,3.5,1.0
109,42,3.3,0.0
199,271,3.7,1.0
166,243,4.4,1.0
105,55,3.9,1.0
125,143,4.7,1.0
21,219,2.5,0.0
17,273,2.2,0.0
45,169,3.5,1.0
112,38,2.7,0.0
131,86,3.7,1.0
130,9,1.0,0.0
1,12,4.2,1.0
48,252,1.2,0.0
153,205,3.8,1.0
115,164,3.8,1.0
11,226,1.0,0.0
190,3,1.0,0.0
72,254,1.7,0.0
165,286,3.7,1.0
16,131,2.2,0.0
184,291,5.0,1.0
33,151,2.4,0.0
139,147,5.0,1.0
29,200,1.5,0.0
10,42,5.0,1.0
25,185,3.5,1.0
151,268,2.9,0.0
130,84,3.4,0.0
191,195,3.0,0.0
32,284,1.0,0.0
165,284,3.5,1.0
19,295,1.2,0.0
100,99,4.0,1.0
139,245,4.6,1.0
67,148,3.1,0.0
120,155,3.1,0.0
176,272,5.0,1.0
47,154,3.2,0.0
88,60,4.3,1.0
85,67,4.1,1.0
196,271,5.0,1.0
81,14,1.7,0.0
163,127,2.3,0.0
21,62,3.7,1.0
57,248,1.7,0.0
129,193,5.0,1.0
136,279,3.8,1.0
98,176,5.0,1.0
7,209,1.9,0.0
105,216,3.5,1.0
123,272,3.4,0.0
61,19,2.3,0.0
46,214,1.7,0.0
95,249,4.2,1.0
195,162,4.3,1.0
68,258,3.5,1.0
183,195,2.5,0.0
63,15,2.7,0.0
58,185,1.4,0.0
88,56,3.6,1.0
117,279,3.0,0.0
145,145,5.0,1.0
153,150,5.0,1.0
40,278,1.0,0.0
54,196,2.4,0.0
144,54,1.8,0.0
198,257,4.3,1.0
94,134,5.0,1.0
65,140,2.9,0.0
115,145,4.8,1.0
160,206,4.1,1.0
112,274,4.8,1.0
82,189,3.1,0.0
142,53,1.4,0.0
167,176,4.0,1.0
39,135,2.9,0.0
176,7,1.4,0.0
57,235,3.2,0.0
40,247,2.1,0.0
87,179,4.4,1.0
108,204,3.9,1.0
120,23,2.4,0.0
35,191,3.4,0.0
22,206,2.2,0.0
173,91,1.7,0.0
102,32,4.2,1.0
172,195,4.0,1.0
135,86,4.0,1.0
133,164,5.0,1.0
82,186,4.2,1.0
38,108,3.8,1.0
175,160,2.0,0.0
190,270,5.0,1.0
131,220,4.6,1.0
142,44,2.6,0.0
81,246,2.1,0.0
135,296,3.9,1.0
182,71,1.1,0.0
30,7,5.0,1.0
180,291,4.5,1.0
191,22,1.0,0.0
69,11,2.7,0.0
93,258,3.1,0.0
55,72,5.0,1.0
153,66,3.4,0.0
38,164,3.8,1.0
171,169,4.5,1.0
196,82,1.6,0.0
48,26,2.7,0.0
106,217,4.5,1.0
97,244,2.4,0.0
124,226,4.6,1.0
114,82,4.2,1.0
50,241,3.4,0.0
198,77,1.0,0.0
173,70,1.0,0.0
49,103,4.7,1.0
173,205,4.3,1.0
14,293,1.0,0.0
191,296,4.2,1.0
31,44,3.9,1.0
80,33,3.7,1.0
54,106,4.2,1.0
145,181,2.4,0.0
106,295,2.5,0.0
131,229,3.3,0.0
69,130,5.0,1.0
121,224,5.0,1.0
186,51,2.1,0.0
68,242,3.3,0.0
35,295,2.5,0.0
130,127,2.5,0.0
47,90,4.1,1.0
147,171,5.0,1.0
7,135,3.5,1.0
65,267,3.4,0.0
189,232,3.8,1.0
132,165,3.5,1.0
26,14,5.0,1.0
68,66,5.0,1.0
117,102,3.4,0.0
183,296,5.0,1.0
134,290,5.0,1.0
71,153,3.2,0.0
133,32,1.7,0.0
121,252,2.5,0.0
25,142,3.3,0.0
11,172,2.7,0.0
35,117,5.0,1.0
11,153,2.6,0.0
87,179,3.6,1.0
85,8,3.4,0.0
17,205,2.2,0.0
28,3,4.2,1.0
2,189,1.2,0.0
191,212,4.2,1.0
132,154,4.4,1.0
112,237,3.6,1.0
83,258,4.4,1.0
3,47,4.2,1.0
195,297,4.7,1.0
126,132,3.1,0.0
78,288,2.8,0.0
128,243,4.3,1.0
30,4,5.0,1.0
31,121,4.5,1.0
57,88,5.0,1.0
114,188,4.9,1.0
181,285,3.3,0.0
112,38,3.3,0.0
125,161,3.7,1.0
14,177,2.1,0.0
147,131,3.3,0.0
61,23,3.2,0.0
136,297,3.0,0.0
10,269,1.0,0.0
124,133,4.6,1.0
128,241,4.4,1.0
27,253,2.0,0.0
159,114,2.6,0.0
33,191,2.6,0.0
75,140,4.6,1.0
178,7,1.0,0.0
135,171,4.6,1.0
13,78,4.7,1.0
82,132,4.1,1.0
13,215,1.0,0.0
119,230,4.5,1.0
191,114,2.0,0.0
46,107,3.4,0.0
143,258,4.0,1.0
151,296,2.5,0.0
48,35,5.0,1.0
60,297,1.8,0.0
169,73,1.0,0.0
14,15,5.0,1.0
124,296,4.6,1.0
134,163,4.7,1.0
61,194,3.3,0.0
136,284,3.5,1.0
108,60,3.9,1.0
102,68,4.6,1.0
134,250,4.3,1.0
80,192,3.8,1.0
87,5,2.4,0.0
192,257,3.9,1.0
100,159,4.0,1.0
52,44,4.1,1.0
58,107,5.0,1.0
76,29,2.8,0.0
12,110,1.9,0.0
111,26,4.5,1.0
4,157,1.9,0.0
14,136,2.9,0.0
88,282,1.9,0.0
68,62,5.0,1.0
150,288,4.5,1.0
81,257,2.7,0.0
42,177,4.8,1.0
195,271,3.5,1.0
116,152,5.0,1.0
29,211,1.3,0.0
40,241,1.5,0.0
59,297,2.1,0.0
158,42,1.7,0.0
101,147,5.0,1.0
96,43,4.6,1.0
2,128,1.6,0.0
25,175,2.3,0.0
146,201,3.9,1.0
87,292,2.9,0.0
50,103,4.7,1.0
172,34,1.0,0.0
74,198,2.8,0.0
192,249,3.7,1.0
139,16,2.0,0.0
157,61,2.5,0.0
79,143,3.4,0.0
74,83,4.2,1.0
128,253,5.0,1.0
196,103,1.1,0.0
146,186,4.6,1.0
125,22,2.2,0.0
191,18,1.0,0.0
66,193,4.8,1.0
2,51,4.4,1.0
188,210,4.8,1.0
108,71,1.5,0.0
28,196,2.9,0.0
192,225,4.7,1.0
177,290,3.8,1.0
108,78,3.6,1.0
135,78,2.8,0.0
79,264,3.7,1.0
140,122,4.5,1.0
90,195,2.6,0.0
73,191,3.8,1.0
20,210,1.0,0.0
135,258,5.0,1.0
153,86,3.3,0.0
133,127,3.5,1.0
110,268,3.7,1.0
108,140,5.0,1.0
144,219,4.5,1.0
86,292,3.3,0.0
129,224,3.9,1.0
134,36,1.8,0.0
190,251,4.5,1.0
161,181,2.6,0.0
53,186,2.6,0.0
171,4,1.0,0.0
157,27,1.9,0.0
113,158,3.5,1.0
68,267,2.6,0.0
12,39,5.0,1.0
27,67,2.4,0.0
192,234,5.0,1.0
53,146,3.1,0.0
150,245,4.5,1.0
168,239,5.0,1.0
99,221,3.7,1.0
18,166,1.8,0.0
112,54,2.5,0.0
180,243,4.0,1.0
51,36,4.3,1.0
86,67,4.3,1.0
95,286,3.7,1.0
92,11,1.5,0.0
92,78,4.1,1.0
96,93,3.7,1.0
99,73,3.9,1.0
20,133,2.8,0.0
171,25,1.6,0.0
180,129,2.2,0.0
154,25,2.6,0.0
183,235,4.5,1.0
185,280,5.0,1.0
165,214,3.6,1.0
133,239,5.0,1.0
25,58,5.0,1.0
32,126,3.6,1.0
134,167,4.5,1.0
114,241,3.7,1.0
24,100,4.5,1.0
133,201,4.5,1.0
64,231,1.5,0.0
162,219,4.5,1.0
114,13,1.0,0.0
134,121,2.1,0.0
54,161,3.0,0.0
129,180,5.0,1.0
167,49,1.9,0.0
56,213,2.2,0.0
5,213,2.4,0.0
123,124,5.0,1.0
48,151,4.7,1.0
181,278,4.7,1.0
59,127,4.3,1.0
187,49,3.2,0.0
39,102,5.0,1.0
179,85,1.8,0.0
181,203,4.0,1.0
67,25,2.9,0.0
119,158,5.0,1.0
153,185,5.0,1.0
24,257,2.2,0.0
9,172,2.1,0.0
59,265,2.6,0.0
72,181,3.5,1.0
87,37,3.7,1.0
48,12,4.4,1.0
33,183,2.9,0.0
148,187,4.4,1.0
61,149,4.5,1.0
145,250,3.6,1.0
36,263,2.2,0.0
92,189,3.9,1.0
52,275,1.0,0.0
120,233,4.0,1.0
148,225,4.5,1.0
184,217,3.9,1.0
25,10,4.3,1.0
162,109,3.0,0.0
189,2,1.3,0.0
100,29,2.5,0.0
83,155,3.1,0.0
68,170,4.0,1.0
50,212,3.1,0.0
26,280,2.3,0.0
128,4,2.3,0.0
60,294,1.0,0.0
35,76,4.8,1.0
48,49,4.6,1.0
180,205,5.0,1.0
110,77,3.6,1.0
177,93,1.4,0.0
37,265,1.9,0.0
89,199,4.2,1.0
113,189,5.0,1.0
144,99,3.6,1.0
185,76,2.4,0.0
98,106,4.4,1.0
133,149,4.5,1.0
153,9,1.1,0.0
69,24,3.0,0.0
173,67,1.0,0.0
133,165,2.9,0.0
104,145,4.5,1.0
25,77,3.5,1.0
169,109,2.9,0.0
141,245,4.8,1.0
81,260,3.0,0.0
38,3,3.4,0.0
181,106,2.6,0.0
193,35,1.0,0.0
154,78,2.8,0.0
171,270,5.0,1.0
4,135,3.7,1.0
123,226,4.2,1.0
58,139,5.0,1.0
144,112,2.8,0.0
108,249,2.7,0.0
93,286,3.2,0.0
166,286,4.8,1.0
143,191,3.2,0.0
126,200,5.0,1.0
6,44,4.7,1.0
148,204,4.2,1.0
168,102,2.9,0.0
156,29,2.4,0.0
168,119,2.5,0.0
63,245,1.7,0.0
130,256,4.3,1.0
18,243,1.6,0.0
18,49,4.7,1.0
179,97,1.8,0.0
13,47,5.0,1.0
146,20,1.7,0.0
116,115,3.8,1.0
149,110,3.9,1.0
96,8,3.8,1.0
18,204,2.6,0.0
147,182,4.1,1.0
87,74,4.6,1.0
31,199,1.4,0.0
62,161,3.6,1.0
80,283,1.8,0.0
140,62,2.7,0.0
21,56,3.7,1.0
121,117,3.2,0.0
18,25,4.9,1.0
167,236,3.9,1.0
43,37,4.5,1.0
27,218,2.3,0.0
20,280,1.3,0.0
83,162,4.4,1.0
36,282,1.0,0.0
86,64,3.8,1.0
185,299,5.0,1.0
179,130,3.0,0.0
136,191,5.0,1.0
26,185,1.8,0.0
72,119,4.2,1.0
68,160,3.0,0.0
68,265,2.8,0.0
192,19,1.0,0.0
161,111,3.8,1.0
93,61,5.0,1.0
157,260,4.3,1.0
13,149,3.8,1.0
157,271,3.0,0.0
109,109,3.0,0.0
119,84,3.5,1.0
131,135,4.3,1.0
189,105,1.9,0.0
165,237,4.9,1.0
27,253,1.3,0.0
159,86,2.6,0.0
60,35,4.3,1.0
75,75,4.6,1.0
112,65,4.6,1.0
172,241,4.2,1.0
97,45,3.1,0.0
177,173,4.2,1.0
125,81,3.9,1.0
172,146,2.6,0.0
109,9,1.6,0.0
35,265,1.5,0.0
147,99,2.6,0.0
10,272,1.0,0.0
36,276,1.0,0.0
158,218,4.3,1.0
53,107,4.5,1.0
174,6,1.2,0.0
165,22,1.0,0.0
193,17,1.0,0.0
89,11,2.2,0.0
182,95,1.0,0.0
105,156,5.0,1.0
195,158,2.5,0.0
60,178,4.5,1.0
167,104,2.4,0.0
183,294,4.9,1.0
110,232,5.0,1.0
63,10,3.9,1.0
128,105,4.7,1.0
22,216,4.0,1.0
140,91,4.7,1.0
57,74,3.2,0.0
147,163,4.5,1.0
147,168,4.7,1.0
25,206,1.2,0.0
0,86,2.5,0.0
143,158,3.3,0.0
70,8,3.7,1.0
48,57,4.8,1.0
186,213,4.2,1.0
157,24,1.0,0.0
7,181,1.8,0.0
187,45,1.0,0.0
23,29,4.8,1.0
71,114,5.0,1.0
94,20,4.7,1.0
122,14,1.5,0.0
78,210,3.4,0.0
124,111,3.7,1.0
39,116,3.7,1.0
194,137,3.3,0.0
143,263,4.7,1.0
27,298,1.0,0.0
63,115,2.9,0.0
72,7,4.0,1.0
189,181,2.5,0.0
154,58,1.8,0.0
32,110,3.4,0.0
91,190,4.4,1.0
29,155,2.3,0.0
93,121,4.7,1.0
170,248,4.7,1.0
172,298,5.0,1.0
187,41,1.0,0.0
81,143,4.4,1.0
141,136,3.3,0.0
99,252,3.2,0.0
86,291,2.2,0.0
35,238,1.7,0.0
157,130,2.3,0.0
80,56,5.0,1.0
18,127,3.9,1.0
115,169,5.0,1.0
35,132,3.1,0.0
137,176,3.1,0.0
187,114,2.0,0.0
108,57,3.3,0.0
34,46,4.6,1.0
53,287,1.3,0.0
70,251,3.3,0.0
33,22,4.0,1.0
179,69,1.7,0.0
112,189,2.6,0.0
191,260,4.1,1.0
166,45,3.0,0.0
155,151,4.5,1.0
13,144,3.4,0.0
78,43,3.6,1.0
22,30,4.5,1.0
34,10,5.0,1.0
161,264,5.0,1.0
17,234,2.0,0.0
126,66,3.3,0.0
100,233,3.5,1.0
126,42,1.9,0.0
150,52,2.5,0.0
48,275,1.0,0.0
24,272,1.3,0.0
71,176,4.2,1.0
64,88,5.0,1.0
110,17,2.1,0.0
170,62,2.0,0.0
28,46,4.8,1.0
19,216,1.9,0.0
21,198,2.9,0.0
105,110,3.3,0.0
10,134,1.8,0.0
197,168,1.7,0.0
196,248,4.2,1.0
51,187,2.6,0.0
104,177,3.9,1.0
19,83,3.9,1.0
185,174,4.3,1.0
170,223,3.8,1.0
7,281,1.0,0.0
17,88,4.3,1.0
86,299,4.0,1.0
159,148,2.6,0.0
25,204,1.0,0.0
72,278,1.2,0.0
12,283,1.0,0.0
110,235,3.5,1.0
143,52,2.7,0.0
139,93,1.6,0.0
58,100,4.9,1.0
38,288,1.1,0.0
159,72,2.6,0.0
26,8,3.7,1.0
41,34,4.9,1.0
120,106,4.5,1.0
24,280,1.2,0.0
148,12,1.0,0.0
193,240,4.5,1.0
100,267,3.5,1.0
74,156,4.3,1.0
36,272,1.0,0.0
55,149,3.6,1.0
94,0,3.5,1.0
57,217,3.7,1.0
48,242,1.2,0.0
177,212,3.6,1.0
178,170,2.9,0.0
18,248,1.5,0.0
192,49,1.0,0.0
93,102,4.5,1.0
89,250,4.1,1.0
140,136,4.7,1.0
172,180,3.9,1.0
154,180,2.9,0.0
28,285,1.0,0.0
197,209,3.5,1.0
114,155,3.7,1.0
176,103,1.6,0.0
131,112,3.3,0.0
86,164,3.7,1.0
46,232,2.6,0.0
186,212,2.9,0.0
112,215,4.8,1.0
37,111,2.6,0.0
78,248,2.3,0.0
134,157,5.0,1.0
6,45,4.6,1.0
124,229,3.4,0.0
137,121,3.9,1.0
93,168,5.0,1.0
109,155,4.2,1.0
148,263,3.4,0.0
120,91,2.9,0.0
42,167,2.9,0.0
104,91,3.3,0.0
114,115,3.9,1.0
126,23,3.2,0.0
27,95,4.1,1.0
89,293,2.4,0.0
53,209,4.9,1.0
176,299,5.0,1.0
26,239,3.0,0.0
89,120,3.3,0.0
141,261,5.0,1.0
131,249,3.8,1.0
99,31,3.5,1.0
124,227,4.2,1.0
0,135,2.5,0.0
91,180,4.0,1.0
34,140,3.5,1.0
85,241,2.9,0.0
190,30,1.0,0.0
175,133,2.8,0.0
33,44,5.0,1.0
177,48,1.0,0.0
136,286,2.5,0.0
56,203,3.1,0.0
21,1,3.8,1.0
39,124,5.0,1.0
14,86,3.4,0.0
133,75,2.9,0.0
189,5,1.0,0.0
97,296,3.1,0.0
91,110,4.7,1.0
172,285,5.0,1.0
56,88,4.2,1.0
45,132,4.4,1.0
121,10,2.5,0.0
196,116,2.2,0.0
83,259,2.7,0.0
173,124,4.9,1.0
198,86,1.0,0.0
63,22,4.7,1.0
143,54,2.7,0.0
88,271,2.4,0.0
102,48,2.0,0.0
123,119,3.0,0.0
12,46,3.2,0.0
56,194,3.7,1.0
155,280,4.1,1.0
122,83,3.6,1.0
97,106,4.9,1.0
48,147,3.9,1.0
189,243,3.7,1.0
147,154,3.9,1.0
167,89,3.0,0.0
123,163,4.8,1.0
140,287,4.6,1.0
134,9,2.6,0.0
51,58,5.0,1.0
148,31,1.3,0.0
80,133,4.5,1.0
162,279,3.7,1.0
66,211,3.4,0.0
64,143,4.4,1.0
105,238,3.4,0.0
120,128,4.3,1.0
4,185,1.8,0.0
172,206,4.5,1.0
105,243,4.1,1.0
108,144,4.9,1.0
45,11,5.0,1.0
192,97,1.1,0.0
118,269,3.2,0.0
151,120,2.5,0.0
148,270,3.4,0.0
188,62,1.6,0.0
191,141,1.9,0.0
173,181,2.6,0.0
40,154,5.0,1.0
80,127,5.0,1.0
61,207,2.8,0.0
179,96,2.0,0.0
171,48,1.3,0.0
101,22,2.9,0.0
62,132,4.1,1.0
11,52,5.0,1.0
86,206,3.8,1.0
11,279,1.0,0.0
115,121,2.9,0.0
58,289,1.0,0.0
117,290,4.3,1.0
183,120,1.5,0.0
163,227,5.0,1.0
98,255,3.8,1.0
160,76,1.5,0.0
4,295,1.1,0.0
58,81,5.0,1.0
182,81,1.9,0.0
173,102,1.9,0.0
83,100,4.5,1.0
146,90,1.4,0.0
50,203,3.6,1.0
38,44,4.7,1.0
37,188,2.6,0.0
104,18,3.5,1.0
72,180,3.7,1.0
83,143,4.7,1.0
84,277,3.7,1.0
58,138,3.8,1.0
29,179,2.1,0.0
154,83,2.0,0.0
149,148,2.5,0.0
133,103,3.5,1.0
100,273,2.6,0.0
10,167,3.9,1.0
29,227,1.4,0.0
11,270,1.0,0.0
34,115,3.6,1.0
79,8,3.5,1.0
69,177,4.0,1.0
52,118,3.1,0.0
53,3,4.6,1.0
50,199,2.1,0.0
30,147,3.5,1.0
45,76,5.0,1.0
128,197,5.0,1.0
158,78,2.6,0.0
189,203,3.4,0.0
48,88,4.1,1.0
172,114,4.0,1.0
198,7,1.0,0.0
54,4,3.8,1.0
104,250,3.2,0.0
57,129,5.0,1.0
27,45,3.1,0.0
112,80,2.6,0.0
161,283,4.4,1.0
40,64,4.5,1.0
152,132,3.5,1.0
144,157,5.0,1.0
169,163,2.8,0.0
129,58,3.1,0.0
51,235,2.9,0.0
85,228,2.5,0.0
198,206,4.5,1.0
126,141,4.9,1.0
170,208,4.3,1.0
6,125,2.6,0.0
5,266,1.0,0.0
28,64,5.0,1.0
15,159,2.1,0.0
98,86,5.0,1.0
61,161,4.8,1.0
32,143,3.2,0.0
181,115,3.7,1.0
171,104,3.0,0.0
94,222,2.2,0.0
7,276,1.0,0.0
165,114,2.8,0.0
24,163,2.7,0.0
142,277,4.6,1.0
80,246,3.0,0.0
38,210,1.7,0.0
186,261,4.3,1.0
81,140,5.0,1.0
58,252,3.4,0.0
25,104,2.3,0.0
73,17,4.2,1.0
159,281,3.9,1.0
35,219,2.9,0.0
57,83,5.0,1.0
191,22,1.0,0.0
95,282,3.7,1.0
145,289,3.5,1.0
29,245,1.0,0.0
9,274,1.0,0.0
17,271,1.0,0.0
187,278,4.5,1.0
86,243,1.8,0.0
46,103,4.4,1.0
8,230,2.1,0.0
168,229,4.4,1.0
111,54,2.3,0.0
0,138,1.8,0.0
56,148,3.2,0.0
134,40,3.1,0.0
13,47,5.0,1.0
86,22,4.3,1.0
150,221,4.3,1.0
178,41,1.0,0.0
188,245,5.0,1.0
177,290,4.9,1.0
9,47,4.6,1.0
21,271,1.3,0.0
104,217,3.1,0.0
119,261,3.1,0.0
190,219,4.2,1.0
147,102,3.8,1.0
168,69,1.6,0.0
153,101,3.0,0.0
126,16,1.0,0.0
73,33,2.6,0.0
91,114,3.5,1.0
182,83,2.8,0.0
173,298,4.7,1.0
92,160,5.0,1.0
14,250,1.5,0.0
53,282,2.3,0.0
109,187,5.0,1.0
144,57,1.8,0.0
186,34,1.0,0.0
22,235,2.3,0.0
109,267,4.3,1.0
177,89,1.1,0.0
170,116,2.7,0.0
67,136,4.7,1.0
41,253,1.0,0.0
36,100,3.5,1.0
78,286,2.0,0.0
65,224,2.4,0.0
122,132,4.3,1.0
33,78,5.0,1.0
133,269,4.6,1.0
121,282,3.3,0.0
101,161,5.0,1.0
148,46,1.6,0.0
5,192,1.4,0.0
117,262,3.0,0.0
85,9,1.0,0.0
189,68,1.0,0.0
144,175,4.6,1.0
132,68,2.3,0.0
191,217,2.8,0.0
142,20,1.9,0.0
80,63,4.2,1.0
72,9,3.8,1.0
0,126,2.3,0.0
36,55,3.4,0.0
187,146,3.5,1.0
108,209,2.8,0.0
25,191,2.5,0.0
191,38,1.0,0.0
92,166,3.1,0.0
10,64,4.7,1.0
47,80,4.1,1.0
161,66,1.3,0.0
36,181,2.8,0.0
131,259,5.0,1.0
165,115,3.4,0.0
127,8,1.5,0.0
189,176,2.3,0.0
28,86,3.8,1.0
163,60,2.6,0.0
144,65,1.5,0.0
120,134,3.1,0.0
106,195,4.7,1.0
129,100,2.3,0.0
15,56,5.0,1.0
9,11,4.5,1.0
169,23,1.1,0.0
165,278,4.9,1.0
185,221,3.5,1.0
106,28,3.0,0.0
89,268,3.7,1.0
89,214,3.1,0.0
24,186,2.9,0.0
64,24,3.8,1.0
106,18,1.3,0.0
31,113,4.0,1.0
184,0,1.0,0.0
127,146,3.6,1.0
133,87,2.7,0.0
76,37,2.5,0.0
83,125,5.0,1.0
39,259,1.8,0.0
131,98,3.1,0.0
118,162,5.0,1.0
145,216,3.3,0.0
20,233,1.6,0.0
145,38,2.5,0.0
122,292,3.4,0.0
31,193,3.9,1.0
58,253,2.6,0.0
74,87,4.7,1.0
177,39,1.5,0.0
154,130,1.6,0.0
114,255,4.0,1.0
89,202,3.0,0.0
103,246,4.6,1.0
147,257,5.0,1.0
164,178,2.6,0.0
72,132,5.0,1.0
154,163,4.1,1.0
127,79,2.7,0.0
155,45,1.4,0.0
179,13,1.0,0.0
195,115,2.7,0.0
19,101,4.7,1.0
34,61,2.9,0.0
101,198,5.0,1.0
18,193,1.0,0.0
124,240,4.3,1.0
130,41,4.1,1.0
24,236,2.2,0.0
157,86,3.5,1.0
37,6,5.0,1.0
118,145,4.3,1.0
160,173,2.6,0.0
169,76,1.5,0.0
7,168,1.8,0.0
28,213,2.4,0.0
39,248,1.9,0.0
129,236,4.9,1.0
42,181,2.8,0.0
17,217,1.6,0.0
53,247,1.0,0.0
90,165,3.9,1.0
86,215,3.8,1.0
58,15,5.0,1.0
196,177,3.7,1.0
82,266,3.2,0.0
10,185,2.2,0.0
26,70,5.0,1.0
3,84,3.9,1.0
167,30,1.0,0.0
37,239,1.0,0.0
169,290,5.0,1.0
60,106,5.0,1.0
1,44,3.0,0.0
19,75,3.8,1.0
66,299,2.7,0.0
148,86,2.1,0.0
60,29,3.4,0.0
93,71,2.9,0.0
155,173,2.7,0.0
76,207,4.0,1.0
177,94,2.2,0.0
148,43,1.2,0.0
13,253,1.8,0.0
135,28,1.0,0.0
83,14,2.9,0.0
55,57,4.4,1.0
161,277,5.0,1.0
115,94,2.9,0.0
6,176,2.5,0.0
178,140,2.0,0.0
25,15,5.0,1.0
176,54,1.0,0.0
71,37,3.3,0.0
7,19,2.7,0.0
133,80,3.8,1.0
36,274,1.0,0.0
11,253,1.0,0.0
47,67,5.0,1.0
49,164,5.0,1.0
194,173,2.8,0.0
100,271,3.2,0.0
154,149,3.8,1.0
163,188,4.3,1.0
67,174,3.2,0.0
100,191,4.4,1.0
13,224,1.1,0.0
71,38,4.0,1.0
179,205,3.9,1.0
193,52,1.0,0.0
168,32,1.8,0.0
93,224,2.2,0.0
157,231,3.3,0.0
142,18,1.3,0.0
174,51,3.3,0.0
40,25,3.1,0.0
144,215,4.7,1.0
95,74,3.4,0.0
15,24,4.7,1.0
95,198,4.4,1.0
115,103,3.8,1.0
31,205,3.0,0.0
27,254,1.0,0.0
157,108,3.2,0.0
136,159,3.9,1.0
147,43,2.4,0.0
151,143,3.7,1.0
99,119,4.0,1.0
13,139,3.3,0.0
5,148,3.1,0.0
148,174,3.8,1.0
149,76,3.6,1.0
49,227,1.7,0.0
8,296,1.1,0.0
154,189,5.0,1.0
64,195,2.9,0.0
115,191,3.5,1.0
135,272,3.3,0.0
58,124,3.9,1.0
153,213,5.0,1.0
50,171,3.0,0.0
31,239,2.8,0.0
63,193,2.6,0.0
73,89,4.6,1.0
34,147,4.1,1.0
7,295,1.0,0.0
185,55,1.0,0.0
22,293,1.0,0.0
67,121,4.4,1.0
111,85,2.4,0.0
67,130,5.0,1.0
4,289,1.0,0.0
162,24,1.0,0.0
106,296,1.5,0.0
156,17,1.5,0.0
121,274,3.4,0.0
4,18,5.0,1.0
107,158,5.0,1.0
61,219,3.6,1.0
148,208,3.4,0.0
117,85,4.7,1.0
97,184,4.2,1.0
41,226,1.7,0.0
182,31,1.0,0.0
12,84,4.3,1.0
118,79,3.6,1.0
181,58,1.8,0.0
189,47,1.0,0.0
135,1,1.1,0.0
46,125,3.5,1.0
54,28,5.0,1.0
199,38,1.0,0.0
68,50,5.0,1.0
147,273,5.0,1.0
85,260,2.8,0.0
102,27,3.3,0.0
35,177,3.0,0.0
57,203,3.4,0.0
35,246,1.4,0.0
51,199,3.7,1.0
167,150,2.7,0.0
119,161,4.7,1.0
84,297,2.0,0.0
190,85,1.5,0.0
116,45,4.7,1.0
112,211,4.7,1.0
50,270,2.3,0.0
105,230,2.6,0.0
68,168,3.0,0.0
150,250,4.7,1.0
158,99,1.0,0.0
53,168,4.7,1.0
29,0,5.0,1.0
176,139,2.8,0.0
111,70,2.5,0.0
120,276,4.5,1.0
197,175,3.3,0.0
104,291,2.7,0.0
197,115,1.1,0.0
127,221,4.0,1.0
132,85,2.1,0.0
125,15,2.2,0.0
57,154,3.7,1.0
69,59,3.9,1.0
135,241,5.0,1.0
180,124,2.7,0.0
11,20,5.0,1.0
10,88,3.6,1.0
16,92,2.3,0.0
76,268,1.4,0.0
156,197,5.0,1.0
101,100,4.7,1.0
45,114,4.2,1.0
103,246,2.4,0.0
148,214,3.3,0.0
126,122,4.3,1.0
48,236,1.0,0.0
143,83,3.9,1.0
171,288,4.8,1.0
30,54,3.3,0.0
153,145,4.6,1.0
155,54,2.1,0.0
65,185,3.7,1.0
121,297,3.7,1.0
51,153,5.0,1.0
32,256,1.0,0.0
117,237,5.0,1.0
48,153,3.6,1.0
138,254,4.8,1.0
96,144,4.3,1.0
47,209,2.9,0.0
55,129,3.6,1.0
48,199,2.7,0.0
125,81,4.4,1.0
111,12,3.1,0.0
59,174,2.9,0.0
150,197,4.5,1.0
190,27,1.0,0.0
180,115,2.4,0.0
107,65,3.4,0.0
178,61,1.0,0.0
156,245,5.0,1.0
124,250,4.1,1.0
1,127,2.4,0.0
68,143,4.0,1.0
160,28,1.2,0.0
37,210,2.3,0.0
92,285,2.1,0.0
87,175,4.7,1.0
172,78,3.1,0.0
156,295,4.3,1.0
72,70,4.4,1.0
28,91,3.9,1.0
183,266,4.6,1.0
162,291,4.4,1.0
150,230,4.9,1.0
162,9,1.9,0.0
59,261,1.5,0.0
137,43,2.3,0.0
16,139,4.1,1.0
11,185,1.0,0.0
80,122,4.8,1.0
152,67,1.2,0.0
63,25,5.0,1.0
127,254,4.7,1.0
79,287,1.2,0.0
178,66,1.4,0.0
43,244,1.7,0.0
29,7,4.9,1.0
168,163,3.4,0.0
68,170,4.8,1.0
38,133,3.6,1.0
133,64,2.6,0.0
37,193,2.9,0.0
156,46,2.8,0.0
34,206,3.2,0.0
174,14,1.0,0.0
13,123,3.1,0.0
191,80,1.0,0.0
95,270,3.0,0.0
144,298,3.5,1.0
112,169,4.7,1.0
58,111,3.7,1.0
24,157,2.5,0.0
39,160,3.1,0.0
23,257,1.1,0.0
54,138,4.7,1.0
38,61,4.6,1.0
199,19,1.0,0.0
69,183,3.7,1.0
38,260,2.1,0.0
11,42,4.4,1.0
70,287,1.5,0.0
145,171,3.1,0.0
8,196,1.0,0.0
154,295,4.0,1.0
5,110,3.0,0.0
196,119,1.9,0.0
84,296,2.4,0.0
118,193,4.4,1.0
41,121,4.0,1.0
55,76,5.0,1.0
189,253,4.8,1.0
118,148,2.7,0.0
142,237,4.5,1.0
32,33,4.0,1.0
37,25,4.7,1.0
195,130,1.4,0.0
116,293,2.4,0.0
131,111,4.0,1.0
140,291,3.4,0.0
38,76,3.2,0.0
60,268,3.1,0.0
194,203,4.2,1.0
51,287,1.0,0.0
44,84,5.0,1.0
110,139,4.9,1.0
31,175,3.6,1.0
191,7,1.0,0.0
157,27,1.0,0.0
193,92,2.5,0.0
24,124,3.3,0.0
27,285,1.0,0.0
186,270,4.4,1.0
103,256,3.1,0.0
125,32,1.8,0.0
129,104,2.0,0.0
133,186,4.6,1.0
118,64,2.4,0.0
98,121,4.2,1.0
127,112,4.2,1.0
167,275,4.8,1.0
63,270,2.2,0.0
124,272,2.9,0.0
84,277,1.9,0.0
195,104,3.3,0.0
165,7,1.6,0.0
144,209,4.6,1.0
117,163,4.9,1.0
167,150,2.6,0.0
181,107,3.0,0.0
52,93,5.0,1.0
194,23,1.0,0.0
142,12,1.0,0.0
178,150,3.6,1.0
2,212,2.3,0.0
134,242,4.3,1.0
191,205,2.9,0.0
86,128,5.0,1.0
28,297,1.0,0.0
191,77,2.5,0.0
49,285,2.8,0.0
176,277,4.2,1.0
151,127,3.8,1.0
166,272,5.0,1.0
27,18,4.4,1.0
197,122,1.3,0.0
92,186,4.6,1.0
67,293,1.0,0.0
62,20,3.9,1.0
155,252,5.0,1.0
187,90,1.0,0.0
140,12,2.4,0.0
136,76,4.0,1.0
92,204,2.7,0.0
37,285,1.3,0.0
11,96,3.9,1.0
143,178,5.0,1.0
119,212,4.9,1.0
46,60,5.0,1.0
48,233,2.3,0.0
74,100,3.6,1.0
142,181,4.0,1.0
43,115,4.4,1.0
5,287,1.4,0.0
16,299,1.0,0.0
28,83,4.1,1.0
189,21,1.0,0.0
194,12,1.0,0.0
191,56,1.0,0.0
27,158,2.9,0.0
93,262,3.5,1.0
47,121,3.9,1.0
67,90,4.9,1.0
151,14,1.0,0.0
48,277,1.0,0.0
128,100,3.6,1.0
51,7,4.3,1.0
198,68,1.9,0.0
98,56,3.1,0.0
158,253,5.0,1.0
66,196,4.8,1.0
149,57,2.3,0.0
74,192,3.8,1.0
88,197,4.2,1.0
25,281,1.0,0.0
20,295,1.6,0.0
112,262,1.9,0.0
128,20,3.5,1.0
102,122,4.1,1.0
53,216,3.2,0.0
183,294,4.3,1.0
3,110,3.9,1.0
124,55,2.5,0.0
151,117,3.2,0.0
62,138,3.2,0.0
123,294,2.6,0.0
29,252,1.9,0.0
139,89,1.6,0.0
52,20,2.7,0.0
143,24,1.5,0.0
60,219,3.4,0.0
44,238,2.2,0.0
143,135,3.9,1.0
129,174,5.0,1.0
117,69,2.3,0.0
105,66,3.9,1.0
174,281,5.0,1.0
39,207,1.9,0.0
159,154,3.9,1.0
47,105,4.2,1.0
193,252,5.0,1.0
143,51,2.4,0.0
127,168,4.4,1.0
120,242,3.6,1.0
2,93,2.9,0.0
21,119,4.6,1.0
7,45,5.0,1.0
149,49,1.8,0.0
185,195,3.3,0.0
74,233,2.5,0.0
16,31,4.6,1.0
75,19,3.3,0.0
65,238,4.2,1.0
185,13,1.0,0.0
101,145,3.9,1.0
108,120,3.5,1.0
156,12,3.0,0.0
85,189,4.5,1.0
160,235,5.0,1.0
108,233,4.2,1.0
171,66,1.3,0.0
52,205,2.5,0.0
67,99,3.4,0.0
47,119,4.2,1.0
179,165,3.5,1.0
106,133,3.5,1.0
133,1,1.8,0.0
16,104,5.0,1.0
120,248,2.6,0.0
67,55,2.2,0.0
54,69,4.4,1.0
159,195,3.6,1.0
126,138,3.4,0.0
26,264,1.5,0.0
108,180,3.5,1.0
3,81,3.9,1.0
169,251,4.7,1.0
191,272,4.5,1.0
148,219,5.0,1.0
27,46,4.9,1.0
43,202,2.6,0.0
70,141,4.1,1.0
28,140,4.0,1.0
45,133,3.9,1.0
147,166,2.9,0.0
166,282,4.2,1.0
34,286,2.4,0.0
84,7,3.4,0.0
67,199,4.3,1.0
73,63,2.3,0.0
133,116,4.4,1.0
183,274,4.1,1.0
22,124,4.4,1.0
19,37,4.6,1.0
151,173,4.2,1.0
57,250,1.0,0.0
196,64,1.0,0.0
97,13,2.2,0.0
77,297,1.0,0.0
86,129,5.0,1.0
137,212,4.2,1.0
13,153,3.0,0.0
159,127,3.7,1.0
178,73,2.2,0.0
186,230,4.7,1.0
145,40,3.2,0.0
98,245,3.7,1.0
114,138,5.0,1.0
186,24,1.0,0.0
1,181,1.4,0.0
119,101,5.0,1.0
59,31,3.6,1.0
172,107,1.0,0.0
181,284,4.6,1.0
191,254,3.4,0.0
138,241,4.6,1.0
188,233,4.5,1.0
21,272,1.0,0.0
74,156,4.2,1.0
132,15,1.2,0.0
186,131,2.2,0.0
161,62,2.8,0.0
6,162,3.0,0.0
88,51,2.2,0.0
195,188,2.4,0.0
111,87,3.6,1.0
46,99,4.1,1.0
144,148,4.5,1.0
5,165,2.3,0.0
78,231,3.1,0.0
115,199,4.2,1.0
105,220,4.0,1.0
142,121,3.5,1.0
69,39,4.3,1.0
53,151,5.0,1.0
186,258,3.8,1.0
172,99,1.2,0.0
153,244,4.4,1.0
3,230,1.8,0.0
147,34,2.3,0.0
127,138,4.5,1.0
102,3,3.2,0.0
36,266,2.1,0.0
54,163,4.2,1.0
176,15,1.0,0.0
138,186,4.4,1.0
9,257,1.0,0.0
46,156,4.1,1.0
0,30,5.0,1.0
199,171,2.8,0.0
8,160,1.9,0.0
137,274,4.0,1.0
126,43,2.5,0.0
65,225,3.3,0.0
166,274,5.0,1.0
87,173,2.9,0.0
190,134,1.1,0.0
138,214,2.4,0.0
43,114,5.0,1.0
113,38,3.1,0.0
85,287,2.3,0.0
119,285,3.3,0.0
127,18,2.0,0.0
7,268,1.0,0.0
21,37,5.0,1.0
180,299,3.8,1.0
57,248,2.2,0.0
175,250,4.9,1.0
112,52,3.1,0.0
130,113,5.0,1.0
124,277,3.2,0.0
142,218,4.7,1.0
198,297,5.0,1.0
33,96,4.8,1.0
139,258,4.0,1.0
37,88,4.3,1.0
177,108,3.9,1.0
103,138,5.0,1.0
149,287,5.0,1.0
120,282,3.6,1.0
21,35,5.0,1.0
75,48,2.8,0.0
89,287,2.7,0.0
140,103,3.7,1.0
107,220,4.1,1.0
155,95,2.2,0.0
120,189,5.0,1.0
83,20,3.4,0.0
87,288,2.0,0.0
16,268,1.0,0.0
150,71,1.3,0.0
184,190,2.7,0.0
106,175,4.7,1.0
66,77,5.0,1.0
114,89,2.1,0.0
71,17,4.3,1.0
145,239,4.7,1.0
145,85,1.5,0.0
62,180,4.6,1.0
7,15,3.9,1.0
81,131,3.3,0.0
61,238,1.9,0.0
140,119,4.9,1.0
130,24,2.1,0.0
64,278,1.9,0.0
139,219,3.9,1.0
48,92,4.2,1.0
83,102,4.7,1.0
104,146,4.4,1.0
38,133,3.3,0.0
35,43,5.0,1.0
85,191,3.3,0.0
50,161,2.6,0.0
74,167,4.0,1.0
102,267,3.7,1.0
26,284,1.0,0.0
176,178,3.5,1.0
129,285,4.7,1.0
177,254,5.0,1.0
57,286,1.5,0.0
107,109,4.1,1.0
77,35,3.1,0.0
17,174,2.3,0.0
117,214,3.7,1.0
142,254,4.5,1.0
23,54,5.0,1.0
61,64,4.3,1.0
110,181,4.7,1.0
41,155,3.2,0.0
87,27,3.4,0.0
60,207,1.8,0.0
169,136,4.3,1.0
156,216,3.7,1.0
98,12,2.2,0.0
189,211,3.7,1.0
184,127,4.1,1.0
31,278,1.0,0.0
112,86,3.5,1.0
166,201,4.1,1.0
60,44,3.2,0.0
10,182,2.3,0.0
192,66,1.0,0.0
30,11,3.7,1.0
107,136,4.2,1.0
161,87,1.2,0.0
118,195,5.0,1.0
84,63,2.8,0.0
131,108,3.3,0.0
146,46,2.0,0.0
65,292,1.4,0.0
183,219,4.4,1.0
71,143,4.7,1.0
171,157,2.7,0.0
157,289,4.8,1.0
175,263,5.0,1.0
86,241,2.1,0.0
98,6,2.7,0.0
59,180,3.5,1.0
99,196,3.8,1.0
121,64,3.2,0.0
45,266,2.7,0.0
25,132,2.6,0.0
39,207,2.9,0.0
57,82,5.0,1.0
50,216,1.9,0.0
163,288,4.3,1.0
1,289,1.0,0.0
57,58,5.0,1.0
143,285,2.9,0.0
89,105,4.3,1.0
94,120,5.0,1.0
9,28,2.9,0.0
136,72,2.0,0.0
169,90,2.3,0.0
96,138,4.8,1.0
14,14,2.8,0.0
197,93,2.1,0.0
4,41,3.9,1.0
100,19,1.4,0.0
6,22,3.3,0.0
93,244,1.4,0.0
136,42,1.8,0.0
158,5,3.4,0.0
112,91,5.0,1.0
134,141,4.5,1.0
133,27,1.7,0.0
32,64,4.3,1.0
175,288,5.0,1.0
48,272,1.0,0.0
151,238,5.0,1.0
43,35,4.4,1.0
55,57,4.2,1.0
150,294,4.6,1.0
174,114,1.7,0.0
121,158,3.6,1.0
69,146,4.9,1.0
35,119,3.9,1.0
3,19,4.4,1.0
5,157,3.2,0.0
83,108,5.0,1.0
105,215,5.0,1.0
63,270,2.1,0.0
173,98,1.1,0.0
87,203,3.8,1.0
170,107,2.4,0.0
114,133,4.9,1.0
152,114,2.5,0.0
122,244,2.8,0.0
96,35,3.8,1.0
84,68,3.4,0.0
65,92,5.0,1.0
14,237,1.9,0.0
43,210,3.2,0.0
133,189,4.5,1.0
142,152,4.3,1.0
148,63,1.6,0.0
54,3,3.6,1.0
181,202,3.3,0.0
91,13,2.9,0.0
73,4,4.6,1.0
19,274,1.0,0.0
197,221,3.2,0.0
147,29,1.6,0.0
182,262,4.9,1.0
50,146,3.6,1.0
103,242,3.4,0.0
37,54,5.0,1.0
121,219,5.0,1.0
122,63,1.9,0.0
84,224,4.4,1.0
184,193,2.5,0.0
112,75,3.0,0.0
11,189,1.7,0.0
167,114,4.0,1.0
121,252,4.0,1.0
55,104,3.8,1.0
134,80,3.2,0.0
109,80,3.8,1.0
97,121,4.9,1.0
153,146,4.4,1.0
141,154,3.9,1.0
124,5,1.4,0.0
118,101,4.7,1.0
26,47,5.0,1.0
107,59,3.9,1.0
192,19,1.9,0.0
90,288,2.0,0.0
191,123,1.2,0.0
33,87,4.8,1.0
34,298,1.0,0.0
0,142,1.3,0.0
173,203,3.3,0.0
192,175,3.6,1.0
178,227,3.3,0.0
50,16,3.4,0.0
46,102,5.0,1.0
121,180,4.4,1.0
103,80,2.8,0.0
124,168,5.0,1.0
148,116,2.1,0.0
75,271,2.5,0.0
174,267,4.4,1.0
153,19,1.2,0.0
5,275,1.0,0.0
20,122,3.3,0.0
53,268,2.0,0.0
98,281,1.3,0.0
130,240,3.7,1.0
81,227,2.4,0.0
79,155,4.6,1.0
19,60,5.0,1.0
55,113,3.9,1.0
160,82,1.8,0.0
39,165,3.2,0.0
185,285,4.4,1.0
59,211,3.2,0.0
112,269,1.5,0.0
152,280,2.9,0.0
155,216,5.0,1.0
11,203,1.6,0.0
58,66,5.0,1.0
144,150,3.0,0.0
51,16,4.5,1.0
57,12,4.9,1.0
80,266,3.3,0.0
163,175,3.8,1.0
94,69,3.2,0.0
104,286,3.5,1.0
165,232,4.2,1.0
24,296,1.0,0.0
38,92,5.0,1.0
127,41,1.9,0.0
110,165,5.0,1.0
195,23,1.0,0.0
109,280,2.4,0.0
129,113,3.3,0.0
106,168,4.6,1.0
117,179,3.9,1.0
164,45,1.0,0.0
116,56,3.7,1.0
140,60,2.8,0.0
57,10,3.4,0.0
126,175,4.0,1.0
97,247,3.4,0.0
158,1,2.4,0.0
70,192,4.1,1.0
115,143,5.0,1.0
26,28,5.0,1.0
53,235,1.3,0.0
131,220,5.0,1.0
22,167,4.2,1.0
75,197,3.3,0.0
92,33,3.5,1.0
160,99,3.0,0.0
115,230,2.8,0.0
32,288,1.9,0.0
123,262,5.0,1.0
119,89,3.2,0.0
176,118,1.3,0.0
21,243,1.0,0.0
96,177,5.0,1.0
176,79,1.5,0.0
42,57,5.0,1.0
73,195,3.7,1.0
70,71,4.0,1.0
47,278,2.1,0.0
185,187,3.1,0.0
44,107,4.7,1.0
49,7,3.6,1.0
98,77,3.1,0.0
90,177,2.7,0.0
23,83,4.9,1.0
97,118,5.0,1.0
161,111,4.1,1.0
116,269,2.4,0.0
64,211,3.6,1.0
17,148,3.3,0.0
39,251,2.7,0.0
43,108,5.0,1.0
168,235,4.7,1.0
120,282,3.3,0.0
62,64,5.0,1.0
47,292,1.0,0.0
123,208,2.7,0.0
77,188,3.5,1.0
169,89,2.1,0.0
147,2,1.5,0.0
146,114,2.4,0.0
97,34,2.8,0.0
37,36,5.0,1.0
173,13,1.3,0.0
172,270,5.0,1.0
158,23,1.8,0.0
112,296,1.6,0.0
92,34,2.9,0.0
47,282,2.0,0.0
176,157,3.1,0.0
192,236,4.4,1.0
130,15,1.0,0.0
92,221,2.7,0.0
46,112,2.8,0.0
146,242,4.8,1.0
52,97,4.3,1.0
83,297,1.8,0.0
150,261,4.7,1.0
56,207,3.4,0.0
65,10,3.2,0.0
46,145,3.7,1.0
70,91,4.9,1.0
10,203,1.1,0.0
14,10,5.0,1.0
79,256,2.9,0.0
169,184,3.0,0.0
150,10,1.7,0.0
181,274,5.0,1.0
60,213,4.3,1.0
81,244,1.3,0.0
161,16,2.0,0.0
183,65,1.1,0.0
187,181,2.3,0.0
136,92,4.0,1.0
57,111,4.8,1.0
48,141,5.0,1.0
103,255,3.9,1.0
139,101,3.2,0.0
186,175,3.0,0.0
51,7,4.8,1.0
38,89,5.0,1.0
122,9,2.2,0.0
163,21,2.8,0.0
146,265,4.4,1.0
85,72,4.2,1.0
75,44,2.2,0.0
173,71,1.8,0.0
124,40,1.3,0.0
117,266,3.4,0.0
93,292,3.6,1.0
70,159,4.6,1.0
92,111,4.9,1.0
46,279,1.0,0.0
108,184,3.8,1.0
118,80,3.8,1.0
151,279,3.8,1.0
29,188,2.5,0.0
199,24,1.0,0.0
105,272,4.2,1.0
197,227,3.4,0.0
119,223,2.8,0.0
127,90,2.6,0.0
144,76,2.5,0.0
31,271,1.9,0.0
193,234,4.3,1.0
45,210,2.8,0.0
51,30,5.0,1.0
62,179,3.4,0.0
178,87,1.0,0.0
196,107,1.0,0.0
56,90,4.9,1.0
169,255,5.0,1.0
180,82,1.5,0.0
130,23,1.7,0.0
86,193,4.0,1.0
29,69,4.8,1.0
142,78,1.8,0.0
183,138,3.7,1.0
67,55,3.2,0.0
44,249,1.7,0.0
46,282,1.5,0.0
136,5,1.0,0.0
167,1,1.0,0.0
169,77,2.1,0.0
18,185,1.0,0.0
147,213,5.0,1.0
102,244,3.2,0.0
94,186,5.0,1.0
104,64,2.3,0.0
51,165,2.4,0.0
40,258,1.0,0.0
102,247,3.4,0.0
178,223,4.6,1.0
6,77,2.0,0.0
170,239,5.0,1.0
140,38,1.0,0.0
4,76,3.4,0.0
136,34,1.5,0.0
71,248,2.1,0.0
3,292,1.0,0.0
6,218,1.5,0.0
81,275,2.8,0.0
198,243,4.3,1.0
52,181,3.7,1.0
74,172,4.8,1.0
141,76,1.8,0.0
36,229,1.2,0.0
138,177,4.9,1.0
75,3,3.0,0.0
161,259,5.0,1.0
44,181,3.2,0.0
9,105,2.2,0.0
172,211,4.4,1.0
92,234,4.2,1.0
147,223,5.0,1.0
64,206,4.6,1.0
171,189,2.9,0.0
88,209,4.3,1.0
175,51,1.9,0.0
74,192,2.9,0.0
44,229,1.0,0.0
170,239,4.6,1.0
20,0,3.6,1.0
157,280,3.5,1.0
131,145,3.8,1.0
90,250,3.8,1.0
98,274,1.8,0.0
103,162,4.5,1.0
133,212,5.0,1.0
62,171,5.0,1.0
36,33,4.9,1.0
58,165,4.2,1.0
79,224,3.9,1.0
161,136,3.9,1.0
9,292,1.0,0.0
75,235,2.1,0.0
167,50,2.5,0.0
87,155,5.0,1.0
39,158,2.5,0.0
151,109,2.5,0.0
161,258,5.0,1.0
57,262,2.7,0.0
15,78,5.0,1.0
185,75,1.3,0.0
83,187,4.6,1.0
190,7,1.0,0.0
172,207,3.9,1.0
171,259,3.8,1.0
45,250,1.6,0.0
109,162,5.0,1.0
153,192,3.7,1.0
11,64,4.5,1.0
128,83,1.1,0.0
199,32,1.0,0.0
0,190,1.7,0.0
7,77,4.0,1.0
15,18,4.1,1.0
153,44,1.0,0.0
80,213,3.2,0.0
171,207,5.0,1.0
178,28,1.0,0.0
106,236,3.8,1.0
198,163,2.2,0.0
84,185,5.0,1.0
6,220,1.3,0.0
16,261,1.0,0.0
47,52,5.0,1.0
74,196,4.0,1.0
172,109,2.4,0.0
81,84,4.9,1.0
96,252,3.5,1.0
96,230,4.6,1.0
172,214,4.3,1.0
187,172,3.9,1.0
116,187,5.0,1.0
108,182,5.0,1.0
22,279,1.0,0.0
147,38,2.3,0.0
187,126,1.9,0.0
45,107,4.2,1.0
33,292,1.6,0.0
6,62,3.3,0.0
45,256,2.1,0.0
181,39,1.0,0.0
111,233,3.9,1.0
196,274,4.0,1.0
98,153,4.4,1.0
15,159,3.6,1.0
45,184,2.4,0.0
131,179,5.0,1.0
169,46,1.9,0.0
199,153,2.3,0.0
145,55,2.0,0.0
149,228,5.0,1.0
81,5,2.9,0.0
27,232,1.7,0.0
172,131,2.0,0.0
92,130,5.0,1.0
95,43,4.1,1.0
171,202,2.8,0.0
55,240,1.1,0.0
88,166,3.9,1.0
160,94,1.6,0.0
37,263,1.8,0.0
118,288,2.4,0.0
132,30,2.6,0.0
97,216,3.9,1.0
68,124,3.6,1.0
191,279,5.0,1.0
37,226,2.3,0.0
118,265,3.2,0.0
51,93,3.6,1.0
13,164,2.9,0.0
30,18,5.0,1.0
130,253,5.0,1.0
146,264,2.3,0.0
23,166,1.0,0.0
56,73,4.7,1.0
187,256,4.9,1.0
84,192,3.4,0.0
83,249,3.0,0.0
36,234,1.4,0.0
23,232,1.0,0.0
160,39,2.0,0.0
43,179,1.8,0.0
125,68,3.8,1.0
28,170,2.5,0.0
52,295,1.8,0.0
56,122,4.3,1.0
79,225,3.7,1.0
50,171,3.5,1.0
150,197,3.9,1.0
146,213,5.0,1.0
42,115,4.3,1.0
55,292,1.6,0.0
62,151,3.8,1.0
150,8,1.0,0.0
189,196,3.6,1.0
31,238,2.3,0.0
161,173,3.7,1.0
147,210,4.4,1.0
50,195,3.7,1.0
145,50,2.7,0.0
105,202,4.6,1.0
197,247,4.4,1.0
106,179,3.6,1.0
9,242,1.0,0.0
154,216,5.0,1.0
1,183,1.6,0.0
183,134,1.8,0.0
180,79,1.7,0.0
47,212,3.4,0.0
79,73,4.5,1.0
41,24,5.0,1.0
133,244,4.0,1.0
135,263,4.7,1.0
154,91,3.2,0.0
184,107,1.6,0.0
183,76,1.2,0.0
23,126,3.8,1.0
79,179,3.6,1.0
56,197,3.5,1.0
68,144,3.6,1.0
110,73,4.5,1.0
180,242,3.6,1.0
129,267,4.1,1.0
174,287,5.0,1.0
68,261,1.4,0.0
128,5,3.5,1.0
104,255,3.9,1.0
154,58,1.5,0.0
151,281,4.0,1.0
165,45,1.0,0.0
17,14,3.1,0.0
117,140,3.1,0.0
36,259,1.4,0.0
180,214,3.3,0.0
36,146,4.1,1.0
49,88,4.5,1.0
28,241,1.5,0.0
85,39,3.5,1.0
150,257,5.0,1.0
179,204,3.6,1.0
65,22,4.3,1.0
10,14,5.0,1.0
79,298,2.4,0.0
27,10,4.3,1.0
199,131,2.1,0.0
59,163,2.3,0.0
63,199,4.2,1.0
17,156,2.8,0.0
148,296,4.3,1.0
75,179,4.2,1.0
159,151,4.2,1.0
170,32,2.3,0.0
49,7,4.1,1.0
135,282,2.0,0.0
169,133,2.6,0.0
198,249,4.7,1.0
118,129,3.8,1.0
158,86,3.0,0.0
155,101,4.6,1.0
49,16,5.0,1.0
45,122,2.6,0.0
95,15,2.4,0.0
128,6,1.8,0.0
41,210,3.1,0.0
33,161,5.0,1.0
37,226,1.9,0.0
174,160,1.0,0.0
168,155,3.3,0.0
152,3,1.0,0.0
138,73,2.7,0.0
157,273,4.7,1.0
30,192,2.7,0.0
65,37,5.0,1.0
16,78,3.8,1.0
155,155,3.3,0.0
108,220,5.0,1.0
188,226,3.9,1.0
188,265,4.6,1.0
39,277,2.4,0.0
112,75,3.1,0.0
34,68,4.2,1.0
120,130,4.3,1.0
76,114,5.0,1.0
149,78,1.6,0.0
152,5,1.6,0.0
130,249,4.6,1.0
10,25,4.1,1.0
117,204,4.6,1.0
129,234,4.9,1.0
146,258,3.3,0.0
126,249,3.7,1.0
25,221,1.3,0.0
137,155,3.8,1.0
53,213,2.5,0.0
194,45,2.5,0.0
109,230,3.9,1.0
121,214,5.0,1.0
132,43,3.5,1.0
24,282,1.0,0.0
167,56,1.0,0.0
133,257,2.7,0.0
9,204,3.3,0.0
119,95,4.0,1.0
77,12,3.0,0.0
129,110,4.3,1.0
166,171,3.7,1.0
46,256,1.6,0.0
122,49,2.2,0.0
136,37,2.8,0.0
84,175,4.3,1.0
100,225,3.9,1.0
111,40,3.0,0.0
108,160,5.0,1.0
52,55,5.0,1.0
88,172,3.9,1.0
67,272,2.8,0.0
163,89,3.1,0.0
48,68,4.9,1.0
34,247,1.0,0.0
152,294,3.4,0.0
28,270,1.1,0.0
114,181,3.9,1.0
107,198,4.3,1.0
161,108,2.6,0.0
80,96,5.0,1.0
1,235,1.0,0.0
5,213,1.5,0.0
95,185,3.1,0.0
106,15,2.5,0.0
2,233,2.7,0.0
16,74,4.2,1.0
198,198,3.7,1.0
49,198,1.0,0.0
1,47,4.4,1.0
34,265,1.6,0.0
132,188,4.3,1.0
76,158,3.7,1.0
168,252,4.0,1.0
34,197,4.0,1.0
93,264,2.9,0.0
178,72,2.8,0.0
69,197,3.7,1.0
23,77,5.0,1.0
88,280,3.3,0.0
171,140,1.6,0.0
36,71,4.1,1.0
40,230,3.2,0.0
117,27,2.9,0.0
157,87,2.4,0.0
195,281,4.3,1.0
114,174,5.0,1.0
92,36,4.3,1.0
103,197,5.0,1.0
31,4,4.3,1.0
0,193,1.1,0.0
187,92,1.0,0.0
37,267,1.3,0.0
26,143,3.3,0.0
145,72,3.0,0.0
185,165,2.0,0.0
97,269,3.4,0.0
130,235,3.7,1.0
152,266,3.6,1.0
130,13,1.9,0.0
124,167,4.7,1.0
41,145,3.3,0.0
103,218,3.9,1.0
159,36,1.0,0.0
24,144,3.1,0.0
89,279,3.9,1.0
101,231,3.5,1.0
193,218,4.4,1.0
119,107,4.5,1.0
74,151,2.2,0.0
103,73,4.3,1.0
71,96,4.9,1.0
27,206,3.8,1.0
130,61,3.6,1.0
143,153,4.0,1.0
81,31,4.3,1.0
134,130,4.3,1.0
19,272,1.2,0.0
91,188,4.0,1.0
169,270,3.1,0.0
152,175,3.5,1.0
52,110,5.0,1.0
105,196,4.4,1.0
165,270,5.0,1.0
83,108,5.0,1.0
9,26,4.6,1.0
179,38,2.3,0.0
57,133,3.3,0.0
103,77,5.0,1.0
176,228,4.6,1.0
10,286,1.5,0.0
77,9,2.5,0.0
116,49,3.0,0.0
127,67,2.3,0.0
9,235,1.0,0.0
72,75,5.0,1.0
72,254,2.7,0.0
121,83,3.0,0.0
86,211,2.0,0.0
191,286,4.9,1.0
37,210,2.9,0.0
163,127,3.0,0.0
166,144,2.8,0.0
144,89,3.1,0.0
43,299,1.1,0.0
98,68,3.5,1.0
71,167,3.9,1.0
3,251,1.0,0.0
146,130,4.5,1.0
92,86,5.0,1.0
94,108,4.7,1.0
190,136,3.7,1.0
187,76,1.2,0.0
137,101,2.7,0.0
165,52,1.7,0.0
155,273,4.7,1.0
194,83,2.5,0.0
120,236,4.6,1.0
138,271,4.6,1.0
89,38,3.8,1.0
148,151,2.6,0.0
181,253,4.2,1.0
123,255,4.1,1.0
106,87,3.4,0.0
132,175,4.9,1.0
103,55,3.7,1.0
59,234,2.3,0.0
182,211,3.0,0.0
58,197,4.3,1.0
157,295,5.0,1.0
185,270,4.5,1.0
66,175,3.9,1.0
57,169,3.3,0.0
152,197,3.7,1.0
75,41,2.9,0.0
28,32,4.5,1.0
46,180,4.3,1.0
42,100,3.6,1.0
95,193,4.4,1.0
100,154,5.0,1.0
70,292,1.0,0.0
195,123,1.3,0.0
26,235,1.0,0.0
138,175,3.9,1.0
178,101,2.4,0.0
100,130,3.4,0.0
41,100,5.0,1.0
115,89,3.3,0.0
176,247,4.8,1.0
153,198,5.0,1.0
97,137,4.9,1.0
104,217,4.1,1.0
121,284,4.1,1.0
167,209,4.3,1.0
177,163,4.5,1.0
182,299,5.0,1.0
101,298,2.7,0.0
8,126,2.7,0.0
42,273,1.0,0.0
111,8,1.5,0.0
119,285,3.2,0.0
135,72,2.0,0.0
117,237,3.8,1.0
85,165,3.5,1.0
187,10,1.0,0.0
47,13,4.4,1.0
180,92,2.5,0.0
114,294,4.9,1.0
128,193,4.9,1.0
19,203,1.6,0.0
166,272,5.0,1.0
182,271,5.0,1.0
72,248,2.1,0.0
151,4,1.0,0.0
132,93,3.8,1.0
174,89,2.7,0.0
130,295,2.6,0.0
41,206,3.0,0.0
169,62,1.2,0.0
155,284,4.8,1.0
61,161,3.9,1.0
128,39,1.9,0.0
168,191,2.4,0.0
109,139,4.2,1.0
94,209,4.6,1.0
128,24,1.7,0.0
69,184,3.2,0.0
26,173,3.3,0.0
164,160,2.2,0.0
118,278,3.4,0.0
170,6,1.0,0.0
37,94,3.5,1.0
113,261,4.3,1.0
163,252,5.0,1.0
155,83,2.2,0.0
159,87,1.7,0.0
85,61,1.8,0.0
84,249,2.9,0.0
22,292,1.0,0.0
116,216,3.9,1.0
141,153,3.2,0.0
117,253,3.9,1.0
55,49,5.0,1.0
58,148,4.0,1.0
65,104,4.1,1.0
96,287,2.6,0.0
37,70,5.0,1.0
31,103,3.7,1.0
7,225,1.0,0.0
9,174,1.1,0.0
95,210,5.0,1.0
85,165,4.8,1.0
178,202,4.1,1.0
148,202,5.0,1.0
62,259,1.4,0.0
147,127,3.8,1.0
75,281,2.7,0.0
95,197,3.5,1.0
109,28,3.7,1.0
182,95,1.8,0.0
148,189,4.7,1.0
119,140,4.9,1.0
158,275,4.9,1.0
94,240,3.4,0.0
165,230,4.1,1.0
148,256,3.8,1.0
68,145,4.1,1.0
80,176,3.5,1.0
74,265,1.7,0.0
140,51,3.2,0.0
80,236,3.8,1.0
45,177,2.9,0.0
61,237,2.6,0.0
48,108,5.0,1.0
3,274,1.0,0.0
101,55,3.9,1.0
71,289,1.9,0.0
162,231,5.0,1.0
199,238,3.9,1.0
74,254,3.2,0.0
70,30,4.9,1.0
35,67,5.0,1.0
191,180,3.7,1.0
187,13,1.0,0.0
77,31,4.1,1.0
58,194,3.9,1.0
15,65,3.7,1.0
122,272,3.9,1.0
102,184,3.5,1.0
81,95,5.0,1.0
78,185,3.7,1.0
197,77,1.6,0.0
14,125,4.3,1.0
174,66,1.8,0.0
56,233,2.7,0.0
15,2,4.3,1.0
89,17,3.2,0.0
40,113,3.7,1.0
100,167,5.0,1.0
111,296,1.5,0.0
1,83,3.3,0.0
146,76,3.6,1.0
11,69,3.0,0.0
196,42,1.0,0.0
178,248,4.5,1.0
76,148,3.8,1.0
44,152,3.2,0.0
152,278,4.1,1.0
79,245,3.4,0.0
162,150,4.0,1.0
90,120,4.8,1.0
175,102,2.7,0.0
107,296,3.4,0.0
123,58,3.3,0.0
118,19,2.0,0.0
119,199,5.0,1.0
59,290,1.2,0.0
197,250,3.6,1.0
78,48,3.7,1.0
191,68,1.4,0.0
56,71,5.0,1.0
103,9,1.3,0.0
183,255,5.0,1.0
155,172,4.0,1.0
167,92,1.2,0.0
37,198,3.5,1.0
156,153,3.7,1.0
195,236,3.3,0.0
27,148,4.2,1.0
188,203,3.0,0.0
78,293,1.0,0.0
56,89,5.0,1.0
16,241,3.0,0.0
103,277,3.1,0.0
100,107,4.4,1.0
191,209,5.0,1.0
95,17,1.3,0.0
98,37,3.1,0.0
7,65,3.1,0.0
187,200,2.4,0.0
107,195,4.4,1.0
108,180,4.1,1.0
110,71,4.3,1.0
121,241,4.9,1.0
189,136,2.6,0.0
199,190,2.1,0.0
24,270,1.5,0.0
76,174,3.2,0.0
113,8,3.1,0.0
170,270,3.1,0.0
181,99,1.4,0.0
48,192,4.5,1.0
54,124,4.7,1.0
31,68,4.5,1.0
94,113,4.8,1.0
111,50,2.3,0.0
122,151,5.0,1.0
99,104,3.5,1.0
27,88,4.8,1.0
112,231,3.8,1.0
114,188,5.0,1.0
16,134,2.1,0.0
60,206,2.4,0.0
73,86,4.0,1.0
23,150,4.4,1.0
23,66,4.2,1.0
139,23,2.5,0.0
126,74,2.9,0.0
122,127,4.9,1.0
66,184,2.2,0.0
71,199,4.8,1.0
102,120,3.5,1.0
20,233,2.5,0.0
33,39,4.8,1.0
168,148,4.4,1.0
83,25,3.5,1.0
18,296,1.0,0.0
156,291,2.8,0.0
90,165,4.0,1.0
115,151,4.5,1.0
145,190,4.2,1.0
115,103,3.7,1.0
188,47,1.0,0.0
10,227,2.4,0.0
146,79,3.3,0.0
74,269,1.3,0.0
52,247,1.9,0.0
121,273,2.8,0.0
163,136,3.7,1.0
172,187,3.3,0.0
164,257,4.4,1.0
25,31,5.0,1.0
122,83,2.8,0.0
148,275,5.0,1.0
24,15,4.6,1.0
41,215,1.0,0.0
98,71,4.4,1.0
82,163,5.0,1.0
179,269,5.0,1.0
99,130,4.6,1.0
187,94,2.1,0.0
51,221,3.5,1.0
161,254,5.0,1.0
55,56,4.0,1.0
171,223,5.0,1.0
3,151,4.2,1.0
170,52,2.5,0.0
47,294,1.8,0.0
43,169,3.3,0.0
11,26,4.1,1.0
66,37,4.8,1.0
77,156,5.0,1.0
30,70,4.8,1.0
131,264,4.3,1.0
27,105,3.3,0.0
12,166,1.8,0.0
39,123,3.1,0.0
7,0,5.0,1.0
47,155,1.8,0.0
185,120,1.8,0.0
15,141,3.1,0.0
12,0,3.8,1.0
91,50,4.3,1.0
6,106,3.2,0.0
135,218,4.5,1.0
7,153,2.1,0.0
122,194,4.1,1.0
116,226,4.6,1.0
90,178,4.5,1.0
77,33,3.6,1.0
122,277,2.6,0.0
199,176,3.2,0.0
58,209,2.5,0.0
68,263,1.9,0.0
93,11,1.4,0.0
122,188,4.3,1.0
1,21,4.2,1.0
19,263,1.4,0.0
4,58,4.0,1.0
34,177,2.1,0.0
110,148,5.0,1.0
124,124,4.8,1.0
36,127,3.7,1.0
110,185,5.0,1.0
151,159,4.4,1.0
87,51,3.2,0.0
86,251,2.8,0.0
153,279,4.3,1.0
198,82,1.3,0.0
81,45,2.5,0.0
179,110,4.1,1.0
197,18,1.3,0.0
80,43,4.6,1.0
107,240,2.9,0.0
143,20,1.0,0.0
135,72,1.8,0.0
137,6,2.9,0.0
184,55,1.8,0.0
87,122,5.0,1.0
7,79,4.7,1.0
164,134,2.3,0.0
110,244,2.7,0.0
97,86,3.8,1.0
172,115,3.1,0.0
11,12,4.9,1.0
122,113,4.3,1.0
74,42,3.4,0.0
21,207,1.7,0.0
63,129,3.3,0.0
9,140,2.6,0.0
127,85,3.5,1.0
101,28,1.9,0.0
108,113,2.7,0.0
127,69,3.4,0.0
179,63,1.7,0.0
151,187,2.9,0.0
152,245,5.0,1.0
190,276,5.0,1.0
9,104,4.5,1.0
63,200,4.6,1.0
81,184,3.6,1.0
94,136,4.7,1.0
169,104,3.1,0.0
8,278,2.0,0.0
191,198,2.4,0.0
193,287,5.0,1.0
48,117,2.7,0.0
55,13,2.6,0.0
117,190,3.1,0.0
197,145,2.9,0.0
126,12,2.2,0.0
100,53,3.4,0.0
58,96,5.0,1.0
54,74,5.0,1.0
172,241,5.0,1.0
72,190,3.7,1.0
112,160,5.0,1.0
116,262,3.2,0.0
179,134,4.3,1.0
26,144,2.6,0.0
81,16,2.9,0.0
16,24,5.0,1.0
65,15,1.6,0.0
80,251,2.0,0.0
108,207,4.1,1.0
129,232,4.7,1.0
143,119,3.8,1.0
177,200,3.8,1.0
77,194,3.1,0.0
74,7,1.8,0.0
159,183,4.6,1.0
138,2,1.4,0.0
187,245,4.3,1.0
158,120,2.8,0.0
122,64,3.8,1.0
125,15,2.3,0.0
24,62,5.0,1.0
196,57,2.4,0.0
20,33,5.0,1.0
133,20,2.1,0.0
182,60,2.0,0.0
132,93,1.9,0.0
1,254,1.0,0.0
103,107,4.3,1.0
149,1,1.0,0.0
88,30,2.0,0.0
55,116,4.6,1.0
50,86,5.0,1.0
156,254,5.0,1.0
179,20,1.2,0.0
123,31,2.7,0.0
195,61,1.0,0.0
86,28,2.6,0.0
26,104,3.6,1.0
13,269,1.2,0.0
118,285,2.1,0.0
168,198,3.3,0.0
89,94,5.0,1.0
86,27,4.0,1.0
167,102,2.8,0.0
195,142,2.1,0.0
21,100,3.9,1.0
20,262,1.0,0.0
129,37,1.8,0.0
145,3,1.2,0.0
64,139,3.1,0.0
106,68,3.1,0.0
11,169,3.8,1.0
89,80,5.0,1.0
56,82,4.2,1.0
82,239,4.6,1.0
190,254,4.0,1.0
104,278,3.9,1.0
11,187,1.9,0.0
154,201,4.3,1.0
26,252,1.0,0.0
22,272,1.0,0.0
125,111,4.3,1.0
27,75,5.0,1.0
76,39,2.4,0.0
176,103,1.6,0.0
196,151,2.5,0.0
26,127,3.8,1.0
52,290,2.1,0.0
189,173,2.3,0.0
113,219,4.5,1.0
84,88,4.4,1.0
24,232,1.0,0.0
77,12,1.7,0.0
60,237,2.5,0.0
170,168,2.9,0.0
194,16,1.0,0.0
89,193,3.4,0.0
145,36,2.5,0.0
116,102,3.4,0.0
15,20,4.9,1.0
122,280,3.1,0.0
53,125,4.2,1.0
16,213,1.3,0.0
20,284,1.0,0.0
48,115,3.9,1.0
54,290,1.4,0.0
143,121,4.4,1.0
99,215,3.6,1.0
147,257,4.1,1.0
67,53,4.9,1.0
159,50,1.3,0.0
53,55,5.0,1.0
128,127,2.6,0.0
41,16,3.6,1.0
185,78,1.6,0.0
181,106,3.3,0.0
117,255,3.8,1.0
54,162,3.2,0.0
154,126,4.0,1.0
193,216,4.1,1.0
107,29,1.6,0.0
28,59,4.2,1.0
152,210,5.0,1.0
183,248,5.0,1.0
57,248,1.9,0.0
124,269,3.4,0.0
112,191,5.0,1.0
178,77,2.2,0.0
5,102,4.5,1.0
191,185,4.4,1.0
129,237,5.0,1.0
154,134,3.7,1.0
141,1,2.3,0.0
181,76,1.0,0.0
160,244,5.0,1.0
29,7,4.1,1.0
91,147,5.0,1.0
174,83,2.2,0.0
3,215,2.2,0.0
88,229,4.1,1.0
115,8,3.0,0.0
142,208,4.2,1.0
130,228,4.2,1.0
179,256,5.0,1.0
89,22,2.4,0.0
29,121,3.2,0.0
123,52,1.8,0.0
152,265,5.0,1.0
173,224,3.3,0.0
31,113,4.6,1.0
187,189,3.4,0.0
36,17,4.4,1.0
44,235,1.5,0.0
79,23,2.4,0.0
36,104,4.9,1.0
107,14,4.1,1.0
61,146,4.6,1.0
60,70,5.0,1.0
89,144,5.0,1.0
14,183,4.0,1.0
168,230,3.9,1.0
10,0,5.0,1.0
38,28,5.0,1.0
194,92,1.9,0.0
22,184,2.2,0.0
184,217,4.2,1.0
24,243,1.0,0.0
87,190,3.9,1.0
104,37,2.6,0.0
199,259,4.6,1.0
68,233,2.5,0.0
84,125,4.2,1.0
184,256,4.0,1.0
116,275,2.4,0.0
92,26,3.8,1.0
8,57,4.5,1.0
164,177,5.0,1.0
166,255,5.0,1.0
25,117,5.0,1.0
196,158,3.5,1.0
131,272,4.6,1.0
167,18,1.0,0.0
111,200,4.5,1.0
142,108,3.5,1.0
111,70,2.9,0.0
24,174,2.3,0.0
89,143,5.0,1.0
137,276,3.8,1.0
107,239,3.2,0.0
76,102,5.0,1.0
80,212,3.0,0.0
157,130,2.7,0.0
56,290,2.0,0.0
79,177,4.0,1.0
16,137,4.6,1.0
149,212,5.0,1.0
142,204,4.5,1.0
69,167,3.7,1.0
125,102,4.6,1.0
41,68,4.3,1.0
73,127,4.2,1.0
179,254,4.7,1.0
21,222,2.2,0.0
19,43,5.0,1.0
172,18,1.0,0.0
51,204,1.8,0.0
129,145,3.1,0.0
19,79,5.0,1.0
189,164,2.7,0.0
157,105,3.1,0.0
144,265,4.7,1.0
96,288,2.5,0.0
159,214,4.5,1.0
43,164,3.9,1.0
76,292,1.6,0.0
16,88,3.0,0.0
148,31,1.7,0.0
92,81,4.0,1.0
181,275,4.6,1.0
0,261,1.0,0.0
73,280,1.2,0.0
88,183,3.5,1.0
118,260,3.7,1.0
102,167,4.4,1.0
141,106,4.4,1.0
46,110,5.0,1.0
158,66,1.5,0.0
177,193,5.0,1.0
150,105,2.6,0.0
194,33,2.4,0.0
129,26,3.8,1.0
51,282,1.0,0.0
103,143,5.0,1.0
144,208,3.6,1.0
64,57,4.4,1.0
181,90,2.7,0.0
113,277,3.2,0.0
195,25,1.1,0.0
113,45,1.7,0.0
75,68,4.5,1.0
120,76,3.7,1.0
61,185,3.4,0.0
181,109,2.4,0.0
127,58,2.8,0.0
109,188,5.0,1.0
118,25,3.0,0.0
33,242,1.0,0.0
92,22,3.1,0.0
132,66,2.8,0.0
46,184,2.9,0.0
100,190,3.9,1.0
168,197,4.3,1.0
41,95,4.7,1.0
1,264,1.0,0.0
99,110,3.4,0.0
153,200,3.6,1.0
184,12,1.0,0.0
69,127,4.4,1.0
89,119,3.3,0.0
155,4,1.0,0.0
77,135,4.8,1.0
78,75,5.0,1.0
15,243,2.1,0.0
145,85,1.5,0.0
115,158,4.4,1.0
170,5,1.0,0.0
113,61,3.4,0.0
124,252,3.8,1.0
73,203,4.2,1.0
6,153,1.4,0.0
161,255,5.0,1.0
59,104,4.0,1.0
62,209,1.9,0.0
143,235,4.3,1.0
46,157,3.9,1.0
41,158,3.7,1.0
2,76,3.9,1.0
1,112,3.8,1.0
44,135,2.9,0.0
95,81,3.3,0.0
94,110,4.0,1.0
95,246,1.5,0.0
19,58,4.6,1.0
28,33,4.9,1.0
126,41,2.8,0.0
80,244,2.2,0.0
191,32,1.0,0.0
35,238,1.9,0.0
135,120,3.8,1.0
102,185,4.0,1.0
19,41,4.7,1.0
100,192,5.0,1.0
177,198,3.4,0.0
125,286,3.6,1.0
123,297,3.1,0.0
183,60,2.1,0.0
158,215,5.0,1.0
124,5,2.7,0.0
194,280,5.0,1.0
186,183,3.4,0.0
47,116,5.0,1.0
59,105,4.3,1.0
110,149,4.1,1.0
198,67,1.0,0.0
124,241,4.6,1.0
189,223,4.2,1.0
138,179,3.6,1.0
44,296,1.0,0.0
142,106,2.8,0.0
72,30,3.6,1.0
20,208,2.8,0.0
53,261,1.6,0.0
44,203,2.6,0.0
124,50,3.8,1.0
16,184,2.6,0.0
175,270,4.9,1.0
156,215,5.0,1.0
21,256,1.9,0.0
163,14,1.0,0.0
37,295,1.9,0.0
195,179,4.0,1.0
29,97,3.4,0.0
29,128,3.4,0.0
26,106,5.0,1.0
88,56,3.6,1.0
152,166,2.5,0.0
3,175,1.9,0.0
84,281,3.1,0.0
175,255,4.7,1.0
44,27,4.5,1.0
61,258,3.3,0.0
3,279,1.0,0.0
62,259,2.2,0.0
119,232,3.4,0.0
129,17,2.3,0.0
153,94,4.0,1.0
33,200,2.0,0.0
136,232,4.2,1.0
85,167,3.4,0.0
50,150,3.3,0.0
116,103,4.2,1.0
31,202,1.9,0.0
93,57,4.2,1.0
47,199,3.7,1.0
14,49,4.0,1.0
151,98,3.9,1.0
166,276,4.8,1.0
87,43,3.9,1.0
112,169,4.2,1.0
72,12,4.1,1.0
87,162,3.7,1.0
181,203,4.4,1.0
30,101,3.0,0.0
62,121,4.6,1.0
32,150,2.9,0.0
97,112,3.0,0.0
28,205,1.3,0.0
165,196,4.7,1.0
35,134,3.3,0.0
12,51,3.6,1.0
182,183,4.0,1.0
62,109,5.0,1.0
151,230,4.7,1.0
132,157,3.4,0.0
35,92,3.4,0.0
73,101,4.8,1.0
63,9,4.3,1.0
99,76,4.0,1.0
42,111,5.0,1.0
156,125,4.0,1.0
87,263,2.1,0.0
112,190,3.8,1.0
64,221,1.8,0.0
118,299,3.1,0.0
104,284,2.9,0.0
44,103,3.4,0.0
163,117,3.8,1.0
30,129,3.3,0.0
199,190,4.7,1.0
193,123,2.7,0.0
191,231,5.0,1.0
38,15,3.1,0.0
56,179,3.8,1.0
24,32,3.0,0.0
65,20,3.8,1.0
153,182,4.1,1.0
153,137,4.0,1.0
186,262,5.0,1.0
86,219,4.0,1.0
47,105,4.4,1.0
47,253,2.8,0.0
31,222,3.9,1.0
137,129,3.0,0.0
100,65,4.1,1.0
55,101,4.0,1.0
99,211,4.1,1.0
110,21,2.8,0.0
97,212,2.2,0.0
67,254,2.6,0.0
134,161,3.0,0.0
48,41,4.3,1.0
130,185,3.9,1.0
180,120,3.5,1.0
96,193,5.0,1.0
97,278,2.0,0.0
7,155,4.2,1.0
150,146,3.6,1.0
64,280,2.2,0.0
34,283,1.7,0.0
69,230,2.4,0.0
187,29,1.0,0.0
11,166,2.4,0.0
49,242,1.2,0.0
105,107,4.3,1.0
59,79,3.8,1.0
59,238,1.5,0.0
146,164,5.0,1.0
129,145,4.9,1.0
85,140,4.2,1.0
149,115,3.4,0.0
178,259,5.0,1.0
57,243,1.9,0.0
170,106,2.1,0.0
58,43,3.5,1.0
198,140,3.2,0.0
98,48,4.4,1.0
45,269,2.4,0.0
108,37,2.1,0.0
155,251,5.0,1.0
141,27,2.8,0.0
60,16,4.2,1.0
16,85,5.0,1.0
171,33,1.0,0.0
167,267,4.7,1.0
142,92,3.1,0.0
48,289,2.7,0.0
43,77,3.9,1.0
4,123,3.1,0.0
99,180,3.3,0.0
103,226,3.3,0.0
112,23,1.7,0.0
33,94,4.4,1.0
176,69,1.0,0.0
50,144,3.4,0.0
87,109,4.3,1.0
87,200,4.2,1.0
142,90,2.7,0.0
181,195,4.3,1.0
16,139,2.1,0.0
47,8,4.7,1.0
14,90,3.2,0.0
46,272,1.3,0.0
93,29,2.8,0.0
116,74,3.2,0.0
191,253,2.4,0.0
180,291,5.0,1.0
190,225,3.4,0.0
27,237,1.0,0.0
114,171,4.8,1.0
126,273,4.2,1.0
133,254,4.2,1.0
156,106,2.2,0.0
163,250,3.7,1.0
97,111,4.2,1.0
100,198,4.5,1.0
194,75,2.3,0.0
7,102,2.2,0.0
82,208,3.8,1.0
195,253,3.3,0.0
93,154,4.4,1.0
108,177,4.5,1.0
157,299,3.0,0.0
35,199,2.5,0.0
58,226,1.8,0.0
115,249,2.7,0.0
91,222,3.1,0.0
61,251,2.4,0.0
33,61,5.0,1.0
133,212,5.0,1.0
198,72,1.3,0.0
142,73,4.3,1.0
177,2,1.0,0.0
185,276,4.7,1.0
127,91,2.5,0.0
126,28,1.5,0.0
59,215,2.9,0.0
162,122,3.3,0.0
31,72,5.0,1.0
34,95,3.8,1.0
16,53,3.5,1.0
179,243,2.7,0.0
122,102,2.7,0.0
140,115,2.9,0.0
195,293,5.0,1.0
92,276,1.8,0.0
26,28,4.0,1.0
25,83,3.7,1.0
66,254,2.3,0.0
46,186,3.5,1.0
150,141,4.1,1.0
18,270,1.0,0.0
1,64,4.7,1.0
13,148,3.1,0.0
125,112,3.8,1.0
16,72,5.0,1.0
156,141,3.3,0.0
16,244,1.0,0.0
184,6,1.0,0.0
163,189,3.9,1.0
153,288,4.2,1.0
134,175,5.0,1.0
131,90,3.0,0.0
29,296,1.5,0.0
93,279,1.6,0.0
165,265,2.7,0.0
68,81,4.3,1.0
133,112,2.4,0.0
49,4,4.6,1.0
166,11,1.0,0.0
5,217,1.2,0.0
180,148,2.7,0.0
19,253,2.0,0.0
56,15,4.0,1.0
92,208,3.5,1.0
149,49,1.6,0.0
80,241,3.6,1.0
188,1,1.0,0.0
169,70,3.5,1.0
122,205,4.8,1.0
91,170,4.3,1.0
125,28,2.7,0.0
151,83,3.2,0.0
152,243,5.0,1.0
133,24,1.0,0.0
160,170,4.2,1.0
178,281,3.6,1.0
123,114,3.4,0.0
190,291,4.4,1.0
117,52,3.2,0.0
127,150,4.5,1.0
93,85,5.0,1.0
166,16,1.0,0.0
171,137,3.4,0.0
21,145,3.4,0.0
81,8,4.1,1.0
156,100,3.8,1.0
91,217,2.5,0.0
13,284,1.0,0.0
108,282,2.5,0.0
91,127,3.9,1.0
61,225,1.5,0.0
43,124,4.2,1.0
151,256,4.2,1.0
172,52,1.0,0.0
142,48,3.3,0.0
136,196,2.8,0.0
110,253,4.9,1.0
19,282,1.0,0.0
165,237,4.9,1.0
92,4,3.5,1.0
123,268,3.8,1.0
37,14,3.4,0.0
81,110,4.0,1.0
92,274,4.3,1.0
107,215,4.4,1.0
148,138,3.2,0.0
143,173,5.0,1.0
45,262,1.4,0.0
63,18,3.8,1.0
95,109,5.0,1.0
110,135,5.0,1.0
47,18,4.0,1.0
99,210,4.7,1.0
75,88,5.0,1.0
176,1,2.7,0.0
116,74,2.3,0.0
182,79,2.3,0.0
197,21,1.0,0.0
158,205,3.4,0.0
112,245,3.5,1.0
52,245,1.4,0.0
70,92,3.9,1.0
34,44,5.0,1.0
48,33,3.9,1.0
61,190,4.3,1.0
36,122,2.7,0.0
13,103,2.8,0.0
31,247,1.8,0.0
164,295,4.6,1.0
122,15,1.0,0.0
1,241,1.0,0.0
119,60,2.7,0.0
197,261,5.0,1.0
165,132,3.4,0.0
193,32,1.0,0.0
113,111,4.3,1.0
178,244,5.0,1.0
140,299,4.0,1.0
31,248,1.4,0.0
173,125,3.7,1.0
146,280,5.0,1.0
92,87,3.2,0.0
185,206,3.3,0.0
23,142,3.6,1.0
154,134,2.9,0.0
8,147,2.1,0.0
167,55,1.6,0.0
14,180,3.2,0.0
186,260,5.0,1.0
75,217,3.5,1.0
85,226,3.7,1.0
141,296,3.7,1.0
38,163,2.3,0.0
184,261,4.4,1.0
37,242,3.6,1.0
27,20,4.6,1.0
175,74,1.5,0.0
153,22,2.4,0.0
17,145,2.6,0.0
8,1,4.4,1.0
186,233,3.6,1.0
160,155,3.3,0.0
61,47,4.5,1.0
34,11,5.0,1.0
78,77,3.7,1.0
149,89,3.1,0.0
140,224,5.0,1.0
97,27,2.3,0.0
108,278,3.2,0.0
67,54,4.2,1.0
27,234,1.5,0.0
5,80,4.3,1.0
68,12,2.5,0.0
117,76,4.4,1.0
193,19,1.0,0.0
118,244,2.1,0.0
40,265,1.0,0.0
149,136,4.1,1.0
115,35,2.8,0.0
13,231,1.2,0.0
165,270,4.9,1.0
2,287,1.0,0.0
66,12,3.9,1.0
58,79,4.8,1.0
8,283,1.0,0.0
172,152,4.8,1.0
68,61,5.0,1.0
60,253,2.6,0.0
47,93,5.0,1.0
80,36,3.4,0.0
64,30,3.0,0.0
190,139,2.8,0.0
111,166,4.4,1.0
130,193,4.1,1.0
193,56,1.3,0.0
61,105,5.0,1.0
89,124,5.0,1.0
44,205,3.0,0.0
74,52,4.5,1.0
103,53,2.7,0.0
145,277,3.9,1.0
146,162,4.7,1.0
24,105,4.6,1.0
59,215,2.9,0.0
156,213,5.0,1.0
178,177,3.5,1.0
35,291,1.0,0.0
174,169,3.5,1.0
141,66,3.1,0.0
150,229,4.5,1.0
38,256,1.3,0.0
97,256,2.4,0.0
138,57,3.2,0.0
85,6,2.9,0.0
9,66,4.4,1.0
64,99,5.0,1.0
189,44,1.0,0.0
169,72,1.8,0.0
27,244,1.6,0.0
40,111,4.3,1.0
186,228,4.2,1.0
116,133,2.6,0.0
79,147,4.9,1.0
65,174,5.0,1.0
156,50,2.8,0.0
186,91,1.0,0.0
174,105,3.0,0.0
85,198,3.3,0.0
110,70,4.6,1.0
190,254,4.0,1.0
107,194,3.8,1.0
165,2,1.5,0.0
31,50,5.0,1.0
151,157,4.3,1.0
15,5,3.7,1.0
187,185,3.5,1.0
91,274,2.6,0.0
21,210,3.7,1.0
119,94,3.9,1.0
11,131,2.6,0.0
10,104,2.9,0.0
137,21,1.4,0.0
129,136,4.2,1.0
21,223,1.5,0.0
178,278,5.0,1.0
36,64,4.7,1.0
135,31,2.2,0.0
118,9,2.5,0.0
121,252,3.3,0.0
8,249,1.0,0.0
17,124,3.7,1.0
128,229,3.4,0.0
144,182,4.6,1.0
111,239,3.9,1.0
16,25,4.9,1.0
79,109,5.0,1.0
51,120,4.4,1.0
85,67,4.1,1.0
22,34,5.0,1.0
76,281,3.0,0.0
76,157,4.1,1.0
8,250,1.0,0.0
185,208,4.9,1.0
106,182,3.8,1.0
66,81,4.7,1.0
168,251,5.0,1.0
6,283,1.4,0.0
3,80,2.8,0.0
87,150,3.1,0.0
38,160,3.2,0.0
48,80,5.0,1.0
197,216,2.3,0.0
130,105,4.5,1.0
153,73,2.7,0.0
116,92,2.8,0.0
36,143,3.1,0.0
156,67,1.7,0.0
124,172,5.0,1.0
5,145,2.6,0.0
45,95,4.7,1.0
88,184,3.7,1.0
77,201,4.7,1.0
110,77,3.3,0.0
117,260,3.4,0.0
82,264,3.1,0.0
71,112,5.0,1.0
73,55,3.0,0.0
38,108,4.0,1.0
11,105,4.2,1.0
112,7,1.6,0.0
112,7,1.4,0.0
98,11,2.1,0.0
77,66,4.3,1.0
88,252,2.8,0.0
130,126,3.5,1.0
1,73,2.6,0.0
161,183,2.7,0.0
106,223,4.6,1.0
105,246,5.0,1.0
95,45,3.6,1.0
37,71,5.0,1.0
116,280,3.1,0.0
29,159,2.7,0.0
189,23,1.0,0.0
2,164,1.5,0.0
14,285,1.3,0.0
78,257,2.1,0.0
46,170,3.7,1.0
117,192,5.0,1.0
34,284,1.0,0.0
143,285,4.3,1.0
16,43,4.4,1.0
42,9,4.7,1.0
171,260,5.0,1.0
2,76,2.9,0.0
19,100,4.1,1.0
108,200,5.0,1.0
175,236,4.2,1.0
21,120,4.6,1.0
169,77,2.1,0.0
124,151,3.1,0.0
0,215,2.5,0.0
14,268,1.0,0.0
150,157,4.1,1.0
68,225,1.8,0.0
12,241,1.3,0.0
65,206,2.9,0.0
159,91,2.8,0.0
175,182,3.6,1.0
110,275,3.2,0.0
9,149,2.3,0.0
178,69,1.1,0.0
4,220,1.2,0.0
198,107,1.6,0.0
96,151,5.0,1.0
40,179,2.8,0.0
109,1,1.9,0.0
53,292,1.4,0.0
44,288,1.9,0.0
73,179,4.5,1.0
11,73,3.9,1.0
154,93,2.8,0.0
46,189,3.5,1.0
114,116,3.4,0.0
197,293,5.0,1.0
73,270,4.5,1.0
199,23,1.0,0.0
174,57,2.2,0.0
89,136,5.0,1.0
162,227,5.0,1.0
178,83,2.7,0.0
170,220,4.8,1.0
24,56,3.9,1.0
155,239,3.3,0.0
114,185,5.0,1.0
156,58,3.7,1.0
171,246,4.7,1.0
180,276,3.7,1.0
148,61,2.4,0.0
57,293,1.7,0.0
140,53,2.2,0.0
13,157,2.6,0.0
199,188,2.3,0.0
178,198,4.5,1.0
199,112,3.2,0.0
5,157,2.7,0.0
104,232,4.4,1.0
103,207,3.8,1.0
108,248,5.0,1.0
62,130,4.7,1.0
107,8,3.1,0.0
100,61,3.3,0.0
16,229,1.4,0.0
174,276,3.6,1.0
134,209,5.0,1.0
45,66,4.8,1.0
176,143,3.5,1.0
19,21,5.0,1.0
46,103,5.0,1.0
193,16,1.0,0.0
59,203,3.9,1.0
53,290,1.1,0.0
152,95,3.1,0.0
93,249,2.8,0.0
23,110,3.6,1.0
6,73,4.0,1.0
132,96,1.7,0.0
57,81,3.3,0.0
111,218,3.7,1.0
148,169,4.8,1.0
26,165,2.2,0.0
87,7,4.4,1.0
64,56,3.8,1.0
192,78,1.0,0.0
107,234,3.2,0.0
3,0,4.6,1.0
182,48,1.1,0.0
102,231,2.7,0.0
172,277,5.0,1.0
15,194,2.7,0.0
85,19,3.2,0.0
129,11,2.0,0.0
123,127,3.7,1.0
94,203,3.7,1.0
11,299,1.0,0.0
152,26,2.7,0.0
179,227,4.4,1.0
102,174,4.2,1.0
100,138,4.5,1.0
53,212,3.3,0.0
5,261,1.0,0.0
44,264,2.0,0.0
16,210,1.7,0.0
159,266,5.0,1.0
143,177,3.4,0.0
159,215,4.1,1.0
153,87,1.5,0.0
2,145,1.9,0.0
74,98,5.0,1.0
96,257,3.5,1.0
100,105,5.0,1.0
83,41,3.6,1.0
193,173,3.9,1.0
182,163,3.8,1.0
107,112,4.2,1.0
122,67,4.3,1.0
26,56,4.7,1.0
120,31,3.6,1.0
44,299,1.1,0.0
100,19,2.5,0.0
67,214,4.9,1.0
127,141,3.4,0.0
99,23,3.1,0.0
182,284,4.6,1.0
184,116,1.3,0.0
107,160,5.0,1.0
128,246,2.7,0.0
196,219,4.3,1.0
109,244,3.3,0.0
121,250,4.8,1.0
71,157,5.0,1.0
198,85,1.9,0.0
187,45,1.0,0.0
135,54,3.3,0.0
128,272,3.0,0.0
83,245,4.5,1.0
52,154,2.9,0.0
107,141,5.0,1.0
90,182,4.2,1.0
50,36,4.1,1.0
2,68,3.5,1.0
116,25,2.4,0.0
174,250,5.0,1.0
198,49,1.0,0.0
101,148,4.7,1.0
117,83,3.6,1.0
44,26,5.0,1.0
117,75,3.9,1.0
113,131,4.9,1.0
18,206,1.0,0.0
89,240,2.7,0.0
191,184,1.8,0.0
118,207,3.8,1.0
19,238,1.7,0.0
117,236,3.7,1.0
82,142,5.0,1.0
6,225,1.4,0.0
176,153,2.3,0.0
88,179,3.6,1.0
147,227,5.0,1.0
21,45,5.0,1.0
128,128,2.7,0.0
113,166,4.8,1.0
101,201,2.9,0.0
48,36,4.3,1.0
126,163,5.0,1.0
73,182,4.5,1.0
22,133,3.2,0.0
91,289,2.8,0.0
85,176,3.9,1.0
153,218,3.1,0.0
44,274,1.0,0.0
24,3,3.5,1.0
6,261,1.0,0.0
193,159,3.5,1.0
3,257,1.0,0.0
42,155,3.2,0.0
137,74,1.7,0.0
175,144,2.9,0.0
7,292,1.0,0.0
194,26,1.0,0.0
164,55,1.0,0.0
16,56,4.5,1.0
13,62,3.6,1.0
53,118,3.9,1.0
169,94,2.7,0.0
37,78,3.7,1.0
123,96,3.1,0.0
3,190,1.4,0.0
24,47,3.7,1.0
16,249,1.0,0.0
18,122,2.3,0.0
10,39,4.3,1.0
97,258,3.9,1.0
68,254,2.7,0.0
20,250,1.9,0.0
181,261,4.3,1.0
39,90,2.9,0.0
181,117,2.9,0.0
38,105,4.0,1.0
110,30,3.0,0.0
154,168,4.0,1.0
141,137,2.6,0.0
154,295,2.9,0.0
100,291,3.0,0.0
100,105,4.8,1.0
187,94,2.2,0.0
186,166,2.7,0.0
144,44,2.4,0.0
4,5,5.0,1.0
129,273,2.8,0.0
103,196,5.0,1.0
26,283,1.0,0.0
39,135,3.2,0.0
98,81,3.7,1.0
21,231,1.9,0.0
183,259,5.0,1.0
107,226,4.3,1.0
126,243,3.8,1.0
63,209,3.2,0.0
25,275,2.1,0.0
130,48,1.7,0.0
146,182,3.5,1.0
145,12,1.6,0.0
37,249,2.2,0.0
111,197,5.0,1.0
177,107,2.9,0.0
26,60,4.7,1.0
93,281,1.2,0.0
80,158,4.8,1.0
91,263,3.2,0.0
101,166,4.7,1.0
50,98,5.0,1.0
144,214,4.8,1.0
48,287,2.3,0.0
77,56,3.2,0.0
183,80,2.4,0.0
95,234,2.6,0.0
189,217,4.6,1.0
76,124,5.0,1.0
146,92,2.5,0.0
136,216,4.8,1.0
43,222,2.2,0.0
194,277,5.0,1.0
89,253,4.2,1.0
199,279,4.1,1.0
108,220,5.0,1.0
136,210,4.3,1.0
107,224,4.6,1.0
74,27,4.3,1.0
69,190,3.5,1.0
69,21,4.5,1.0
100,261,3.5,1.0
16,37,3.5,1.0
44,239,3.4,0.0
196,252,5.0,1.0
44,148,2.9,0.0
161,163,5.0,1.0
43,183,1.8,0.0
5,299,1.0,0.0
110,119,4.4,1.0
29,55,5.0,1.0
88,228,3.2,0.0
11,142,3.5,1.0
132,66,2.5,0.0
144,217,4.8,1.0
162,125,3.3,0.0
160,18,1.0,0.0
109,147,5.0,1.0
47,185,2.8,0.0
19,148,3.5,1.0
26,219,2.4,0.0
103,233,3.2,0.0
180,18,1.4,0.0
193,78,1.0,0.0
174,214,4.3,1.0
111,178,5.0,1.0
143,127,4.7,1.0
9,45,4.0,1.0
184,39,1.0,0.0
173,210,3.4,0.0
180,89,3.2,0.0
47,246,1.2,0.0
35,124,4.8,1.0
98,193,4.6,1.0
114,85,3.7,1.0
71,32,4.5,1.0
2,84,3.9,1.0
63,186,2.8,0.0
131,30,2.5,0.0
5,13,4.5,1.0
17,35,5.0,1.0
7,289,1.0,0.0
183,154,2.9,0.0
174,275,5.0,1.0
113,79,3.3,0.0
170,222,4.9,1.0
146,259,3.0,0.0
66,107,3.6,1.0
65,269,2.0,0.0
146,190,3.8,1.0
196,84,1.3,0.0
199,299,5.0,1.0
83,111,4.4,1.0
196,84,1.0,0.0
199,280,3.7,1.0
119,53,3.7,1.0
45,21,3.8,1.0
96,35,2.9,0.0
15,173,2.4,0.0
150,178,3.5,1.0
157,165,3.9,1.0
91,52,4.4,1.0
108,77,4.8,1.0
28,279,1.0,0.0
163,42,2.3,0.0
46,137,3.5,1.0
35,89,4.6,1.0
15,34,3.8,1.0
161,174,3.8,1.0
92,53,5.0,1.0
83,86,4.8,1.0
137,251,5.0,1.0
86,37,2.6,0.0
83,246,2.0,0.0
112,190,3.7,1.0
12,280,1.0,0.0
166,178,4.1,1.0
176,273,5.0,1.0
56,53,4.8,1.0
42,85,4.7,1.0
127,225,4.0,1.0
82,67,3.7,1.0
161,93,3.0,0.0
113,255,3.6,1.0
166,262,4.5,1.0
24,172,2.6,0.0
24,100,5.0,1.0
96,110,5.0,1.0
39,45,5.0,1.0
46,31,5.0,1.0
169,52,1.3,0.0
191,79,1.1,0.0
164,64,2.0,0.0
131,65,2.7,0.0
0,52,4.5,1.0
131,10,1.3,0.0
132,79,2.3,0.0
136,86,4.2,1.0
22,152,2.3,0.0
7,20,5.0,1.0
153,85,3.3,0.0
158,296,4.2,1.0
79,148,3.6,1.0
24,162,2.3,0.0
25,167,1.5,0.0
169,152,5.0,1.0
139,106,3.4,0.0
39,89,4.8,1.0
59,127,5.0,1.0
71,82,5.0,1.0
199,26,1.0,0.0
112,2,2.7,0.0
129,178,5.0,1.0
7,28,5.0,1.0
99,230,4.7,1.0
174,132,3.7,1.0
42,56,5.0,1.0
159,292,4.3,1.0
198,109,1.0,0.0
151,148,2.7,0.0
15,58,5.0,1.0
189,29,1.5,0.0
46,160,4.8,1.0
139,220,4.7,1.0
28,209,1.0,0.0
118,117,4.5,1.0
129,131,3.2,0.0
134,7,1.7,0.0
172,264,4.8,1.0
128,41,2.8,0.0
61,2,3.2,0.0
194,82,2.7,0.0
186,200,3.0,0.0
199,85,1.0,0.0
74,73,3.9,1.0
188,232,4.4,1.0
121,167,4.2,1.0
188,258,2.7,0.0
129,213,4.8,1.0
160,198,3.5,1.0
77,28,4.3,1.0
144,160,3.6,1.0
96,200,4.7,1.0
37,1,5.0,1.0
107,205,4.1,1.0
8,92,3.2,0.0
85,242,1.7,0.0
36,97,3.3,0.0
131,181,4.2,1.0
156,290,4.3,1.0
198,265,4.5,1.0
18,200,1.8,0.0
116,252,4.5,1.0
189,207,4.5,1.0
35,164,1.5,0.0
38,77,3.7,1.0
81,248,2.7,0.0
182,96,1.7,0.0
59,45,3.5,1.0
189,282,4.9,1.0
42,140,3.1,0.0
57,225,1.6,0.0
73,138,4.8,1.0
147,144,3.2,0.0
187,145,2.6,0.0
18,145,3.1,0.0
120,77,2.1,0.0
101,156,3.7,1.0
164,269,3.7,1.0
147,264,4.0,1.0
16,134,3.1,0.0
8,227,1.0,0.0
128,221,5.0,1.0
30,279,2.1,0.0
10,186,2.2,0.0
145,126,5.0,1.0
119,14,3.1,0.0
4,280,1.1,0.0
100,250,2.6,0.0
155,42,1.0,0.0
47,179,1.7,0.0
141,194,5.0,1.0
64,153,5.0,1.0
13,254,2.7,0.0
2,70,4.5,1.0
143,109,3.9,1.0
9,204,1.0,0.0
189,17,1.0,0.0
50,19,3.4,0.0
82,63,5.0,1.0
176,101,3.3,0.0
45,71,5.0,1.0
105,31,2.3,0.0
92,58,4.1,1.0
57,22,3.9,1.0
52,207,2.4,0.0
88,144,5.0,1.0
108,234,3.7,1.0
149,38,2.2,0.0
56,165,3.2,0.0
113,214,4.6,1.0
83,85,4.4,1.0
55,254,1.1,0.0
149,134,2.0,0.0
53,116,4.6,1.0
13,87,5.0,1.0
61,171,3.5,1.0
31,8,4.0,1.0
175,203,4.2,1.0
102,100,4.2,1.0
150,87,2.8,0.0
189,55,1.5,0.0
150,235,4.9,1.0
116,68,3.9,1.0
64,292,1.3,0.0
85,217,3.0,0.0
56,230,2.9,0.0
142,229,4.9,1.0
101,254,3.0,0.0
122,11,2.8,0.0
125,35,2.8,0.0
5,55,3.7,1.0
109,174,4.4,1.0
123,184,5.0,1.0
175,22,1.0,0.0
7,202,1.9,0.0
144,72,3.4,0.0
170,2,1.0,0.0
3,105,2.9,0.0
38,192,2.4,0.0
141,180,5.0,1.0
192,81,1.8,0.0
29,100,3.5,1.0
86,11,2.3,0.0
164,61,1.0,0.0
179,246,4.3,1.0
49,51,4.9,1.0
105,51,3.0,0.0
44,94,4.9,1.0
75,189,4.8,1.0
35,207,2.4,0.0
27,85,3.5,1.0
66,248,2.8,0.0
168,283,5.0,1.0
4,30,3.8,1.0
190,292,5.0,1.0
161,264,4.9,1.0
155,120,3.4,0.0
7,24,5.0,1.0
18,275,1.0,0.0
104,60,4.2,1.0
45,65,4.6,1.0
131,126,2.1,0.0
64,276,1.4,0.0
165,215,5.0,1.0
21,128,4.3,1.0
83,279,2.6,0.0
38,14,4.0,1.0
68,293,2.0,0.0
45,161,3.4,0.0
151,36,1.6,0.0
34,252,1.7,0.0
182,148,2.7,0.0
102,140,5.0,1.0
18,220,2.1,0.0
12,43,4.1,1.0
57,23,4.2,1.0
98,202,5.0,1.0
163,281,4.5,1.0
91,40,2.1,0.0
152,78,2.6,0.0
177,138,2.4,0.0
148,98,3.1,0.0
147,47,1.8,0.0
125,30,1.5,0.0
78,159,4.2,1.0
93,236,4.1,1.0
3,103,2.6,0.0
90,73,3.5,1.0
182,59,1.7,0.0
47,164,4.5,1.0
27,103,3.8,1.0
34,30,5.0,1.0
179,106,2.2,0.0
48,288,1.6,0.0
60,248,2.4,0.0
70,275,1.4,0.0
126,7,1.8,0.0
153,83,1.7,0.0
148,106,3.7,1.0
105,222,5.0,1.0
12,279,1.0,0.0
105,90,3.1,0.0
59,142,4.3,1.0
197,218,2.8,0.0
11,286,1.0,0.0
112,22,1.1,0.0
133,38,1.6,0.0
15,277,1.0,0.0
125,246,3.8,1.0
17,190,1.3,0.0
121,122,3.4,0.0
23,218,4.1,1.0
150,217,4.6,1.0
144,281,4.7,1.0
125,189,5.0,1.0
60,236,1.7,0.0
113,219,4.7,1.0
176,221,5.0,1.0
7,119,2.5,0.0
151,116,3.5,1.0
0,193,1.0,0.0
11,8,5.0,1.0
190,38,1.2,0.0
189,28,1.0,0.0
20,28,4.9,1.0
72,110,5.0,1.0
75,294,3.2,0.0
113,167,5.0,1.0
65,291,3.0,0.0
52,210,4.9,1.0
9,275,1.3,0.0
164,101,1.2,0.0
172,171,3.1,0.0
116,196,5.0,1.0
42,2,4.2,1.0
99,93,3.9,1.0
158,275,3.7,1.0
15,12,5.0,1.0
5,30,5.0,1.0
193,191,2.6,0.0
1,245,1.1,0.0
157,151,4.9,1.0
96,51,3.6,1.0
184,129,2.5,0.0
83,42,2.0,0.0
17,294,1.0,0.0
14,142,3.8,1.0
11,51,4.0,1.0
56,267,1.6,0.0
19,58,4.1,1.0
160,188,4.2,1.0
141,214,4.2,1.0
156,166,4.7,1.0
122,199,5.0,1.0
56,77,4.3,1.0
36,214,2.1,0.0
86,33,3.0,0.0
145,220,5.0,1.0
45,15,4.5,1.0
97,66,5.0,1.0
41,108,3.9,1.0
141,215,4.8,1.0
103,57,3.3,0.0
10,40,5.0,1.0
128,208,4.2,1.0
81,168,5.0,1.0
88,193,3.6,1.0
74,181,4.2,1.0
198,200,3.4,0.0
60,74,4.6,1.0
83,133,3.7,1.0
5,88,4.8,1.0
144,144,3.5,1.0
155,91,2.9,0.0
193,28,1.2,0.0
80,97,3.6,1.0
80,66,4.1,1.0
197,230,3.4,0.0
140,104,3.2,0.0
168,174,4.6,1.0
21,260,1.0,0.0
107,107,3.8,1.0
24,276,1.3,0.0
129,155,3.6,1.0
39,169,2.9,0.0
0,176,1.4,0.0
111,9,1.0,0.0
169,117,4.0,1.0
89,59,3.1,0.0
29,140,3.9,1.0
103,267,3.1,0.0
101,118,5.0,1.0
53,159,2.5,0.0
146,104,3.7,1.0
56,295,2.2,0.0
126,191,4.5,1.0
101,288,2.3,0.0
97,213,3.3,0.0
155,76,1.7,0.0
71,294,1.0,0.0
168,54,1.9,0.0
96,26,2.5,0.0
29,55,4.3,1.0
51,299,1.3,0.0
67,268,3.1,0.0
111,143,5.0,1.0
165,14,1.1,0.0
80,231,4.1,1.0
54,160,3.4,0.0
143,297,3.6,1.0
102,200,3.0,0.0
67,140,4.7,1.0
50,243,3.7,1.0
24,50,5.0,1.0
126,17,1.5,0.0
11,89,4.6,1.0
25,148,2.9,0.0
7,203,2.7,0.0
73,140,4.5,1.0
172,287,4.3,1.0
15,29,5.0,1.0
57,225,2.5,0.0
170,266,5.0,1.0
134,114,4.2,1.0
140,81,2.6,0.0
144,286,3.0,0.0
92,168,4.7,1.0
86,52,4.5,1.0
151,270,4.6,1.0
105,47,3.6,1.0
52,101,3.6,1.0
53,50,4.6,1.0
121,107,3.8,1.0
94,258,2.3,0.0
144,136,4.4,1.0
54,288,1.0,0.0
160,298,4.3,1.0
69,111,5.0,1.0
177,27,1.0,0.0
153,135,3.4,0.0
109,126,3.8,1.0
46,278,1.0,0.0
152,144,4.7,1.0
136,249,3.3,0.0
70,243,2.4,0.0
150,295,3.9,1.0
71,240,2.6,0.0
70,270,3.0,0.0
183,37,1.0,0.0
125,152,5.0,1.0
78,49,3.4,0.0
107,176,4.3,1.0
185,123,3.5,1.0
119,38,2.6,0.0
176,15,1.1,0.0
87,63,4.3,1.0
157,26,1.4,0.0
174,151,4.0,1.0
165,204,3.6,1.0
11,52,3.9,1.0
141,160,4.3,1.0
148,191,4.5,1.0
180,137,1.6,0.0
7,142,1.7,0.0
176,166,3.7,1.0
106,203,5.0,1.0
146,190,4.0,1.0
78,163,4.3,1.0
134,127,3.8,1.0
120,177,5.0,1.0
54,163,5.0,1.0
4,270,1.0,0.0
106,255,2.6,0.0
117,47,3.1,0.0
54,202,2.1,0.0
152,262,3.8,1.0
100,221,5.0,1.0
112,233,4.2,1.0
171,164,3.6,1.0
114,65,1.5,0.0
139,239,4.4,1.0
85,287,2.3,0.0
188,142,3.0,0.0
134,146,4.9,1.0
72,275,3.2,0.0
63,199,2.4,0.0
2,81,3.3,0.0
131,84,1.9,0.0
81,147,5.0,1.0
189,142,2.1,0.0
79,154,5.0,1.0
186,276,5.0,1.0
148,145,3.6,1.0
95,40,3.4,0.0
11,192,3.7,1.0
6,118,3.3,0.0
94,161,4.6,1.0
66,51,5.0,1.0
165,56,1.5,0.0
70,97,5.0,1.0
34,103,4.3,1.0
17,47,5.0,1.0
140,180,5.0,1.0
31,226,2.9,0.0
165,113,3.8,1.0
53,76,5.0,1.0
25,81,5.0,1.0
87,265,1.7,0.0
190,138,2.9,0.0
113,36,2.8,0.0
7,171,2.0,0.0
193,168,2.8,0.0
66,124,5.0,1.0
139,143,5.0,1.0
45,40,4.2,1.0
14,147,2.6,0.0
185,79,1.3,0.0
124,192,4.9,1.0
197,28,1.0,0.0
93,288,2.2,0.0
11,129,4.5,1.0
31,82,5.0,1.0
40,80,4.6,1.0
29,92,2.6,0.0
7,59,4.2,1.0
162,60,3.2,0.0
191,2,1.0,0.0
141,114,1.7,0.0
92,38,3.1,0.0
131,90,3.6,1.0
148,167,3.5,1.0
89,294,2.0,0.0
15,219,1.8,0.0
61,208,3.6,1.0
143,65,2.4,0.0
183,99,2.6,0.0
20,275,1.0,0.0
148,92,1.9,0.0
196,104,1.1,0.0
101,47,2.4,0.0
77,124,5.0,1.0
181,81,2.2,0.0
12,251,1.5,0.0
67,147,3.6,1.0
110,86,3.0,0.0
59,244,2.7,0.0
31,270,1.2,0.0
36,7,3.8,1.0
16,100,3.8,1.0
169,294,4.3,1.0
91,41,2.9,0.0
122,171,5.0,1.0
155,289,4.4,1.0
5,170,1.0,0.0
112,108,5.0,1.0
188,109,2.2,0.0
186,244,4.2,1.0
194,107,1.3,0.0
144,241,5.0,1.0
119,81,2.5,0.0
195,119,2.8,0.0
144,195,4.4,1.0
1,53,3.8,1.0
53,212,2.7,0.0
82,144,5.0,1.0
30,219,1.8,0.0
17,115,5.0,1.0
50,35,4.4,1.0
155,34,1.0,0.0
128,222,3.8,1.0
11,274,1.0,0.0
71,63,3.4,0.0
156,289,3.6,1.0
156,252,4.1,1.0
58,189,2.9,0.0
74,252,2.8,0.0
61,38,3.3,0.0
160,163,3.4,0.0
187,83,1.5,0.0
133,122,4.1,1.0
188,24,1.0,0.0
129,275,3.4,0.0
22,126,3.5,1.0
182,262,3.5,1.0
49,104,4.6,1.0
72,60,4.2,1.0
187,25,1.1,0.0
160,141,3.7,1.0
27,220,2.8,0.0
193,126,2.5,0.0
144,158,5.0,1.0
120,187,4.5,1.0
110,119,5.0,1.0
127,87,4.1,1.0
107,96,5.0,1.0
151,209,5.0,1.0
148,259,5.0,1.0
60,42,3.3,0.0
23,184,2.4,0.0
48,287,1.8,0.0
107,62,2.3,0.0
139,106,2.8,0.0
116,70,2.8,0.0
53,141,4.6,1.0
96,258,4.2,1.0
166,40,2.1,0.0
136,220,4.7,1.0
129,213,3.3,0.0
130,138,3.5,1.0
121,191,5.0,1.0
137,83,4.5,1.0
96,171,5.0,1.0
149,297,3.6,1.0
16,99,3.6,1.0
12,281,1.0,0.0
170,40,1.7,0.0
165,36,1.9,0.0
147,204,5.0,1.0
188,40,1.0,0.0
0,47,4.0,1.0
28,42,5.0,1.0
3,15,5.0,1.0
137,109,3.2,0.0
160,37,2.4,0.0
145,64,3.7,1.0
7,180,1.8,0.0
159,153,2.7,0.0
91,230,2.9,0.0
26,186,1.9,0.0
94,138,3.8,1.0
140,283,3.9,1.0
36,126,5.0,1.0
3,273,1.0,0.0
12,38,5.0,1.0
125,75,3.1,0.0
37,252,2.1,0.0
46,297,1.0,0.0
196,246,3.6,1.0
89,215,2.5,0.0
63,131,4.1,1.0
196,236,2.3,0.0
31,215,2.0,0.0
98,256,1.4,0.0
167,173,4.4,1.0
0,41,4.3,1.0
115,41,2.7,0.0
49,217,3.3,0.0
63,281,2.6,0.0
57,70,4.8,1.0
58,165,2.7,0.0
153,247,4.7,1.0
42,273,1.1,0.0
16,187,3.3,0.0
38,141,2.6,0.0
13,69,4.7,1.0
142,294,3.3,0.0
161,279,4.7,1.0
18,190,4.1,1.0
65,172,3.5,1.0
150,114,3.9,1.0
199,115,1.2,0.0
156,195,3.2,0.0
121,256,4.1,1.0
9,277,1.0,0.0
85,269,2.1,0.0
137,198,4.5,1.0
9,135,3.0,0.0
11,79,4.0,1.0
182,291,5.0,1.0
71,209,3.8,1.0
1,164,2.7,0.0
144,299,4.8,1.0
25,31,5.0,1.0
50,259,1.1,0.0
165,294,5.0,1.0
184,104,2.3,0.0
71,299,2.3,0.0
32,6,3.8,1.0
132,218,4.9,1.0
109,255,5.0,1.0
91,15,1.8,0.0
194,47,1.1,0.0
150,230,5.0,1.0
167,18,1.0,0.0
186,63,1.6,0.0
34,210,2.2,0.0
107,253,3.7,1.0
35,6,4.8,1.0
23,97,4.5,1.0
55,25,3.5,1.0
79,292,1.0,0.0
46,247,2.7,0.0
76,157,4.3,1.0
72,8,4.0,1.0
140,70,2.5,0.0
155,20,1.0,0.0
94,1,3.2,0.0
50,97,3.3,0.0
83,179,4.4,1.0
98,273,2.9,0.0
156,201,3.5,1.0
97,269,3.1,0.0
127,219,4.3,1.0
82,156,4.4,1.0
174,115,1.0,0.0
17,181,1.0,0.0
93,275,2.7,0.0
50,174,5.0,1.0
187,266,3.7,1.0
72,201,3.9,1.0
121,288,4.4,1.0
84,259,2.0,0.0
134,158,4.1,1.0
143,108,2.9,0.0
16,112,3.3,0.0
162,218,4.3,1.0
180,253,4.6,1.0
1,16,3.7,1.0
142,127,4.8,1.0
58,75,5.0,1.0
171,91,2.8,0.0
190,17,1.0,0.0
172,292,4.0,1.0
169,127,3.4,0.0
64,140,5.0,1.0
102,172,5.0,1.0
114,17,3.1,0.0
38,19,4.6,1.0
122,240,4.7,1.0
81,46,3.7,1.0
130,222,4.4,1.0
0,257,1.4,0.0
169,14,1.0,0.0
29,115,5.0,1.0
195,21,1.0,0.0
119,50,1.9,0.0
153,57,1.0,0.0
71,3,3.3,0.0
195,199,2.5,0.0
79,151,3.7,1.0
193,35,1.1,0.0
66,133,3.3,0.0
124,239,4.5,1.0
99,219,4.8,1.0
69,124,5.0,1.0
151,29,1.9,0.0
153,103,3.9,1.0
184,25,1.0,0.0
78,39,4.6,1.0
129,93,4.2,1.0
190,77,1.3,0.0
193,254,4.8,1.0
79,286,2.0,0.0
47,244,2.3,0.0
176,245,4.8,1.0
92,213,4.8,1.0
32,70,5.0,1.0
43,288,1.0,0.0
92,279,2.6,0.0
166,38,1.4,0.0
3,94,4.7,1.0
188,206,3.1,0.0
149,151,3.9,1.0
149,215,4.0,1.0
98,86,3.4,0.0
175,181,5.0,1.0
188,52,1.0,0.0
103,96,3.0,0.0
71,55,2.7,0.0
108,100,4.8,1.0
16,128,2.6,0.0
170,173,4.2,1.0
94,68,4.0,1.0
128,192,5.0,1.0
100,287,2.9,0.0
93,240,3.1,0.0
9,299,1.0,0.0
194,85,1.6,0.0
39,79,3.5,1.0
131,272,3.9,1.0
7,166,2.7,0.0
124,145,3.4,0.0
42,256,1.9,0.0
61,108,3.6,1.0
43,194,2.8,0.0
163,52,2.2,0.0
103,52,3.4,0.0
58,296,1.1,0.0
94,148,3.9,1.0
0,171,3.2,0.0
41,133,3.6,1.0
63,41,4.8,1.0
163,259,5.0,1.0
176,146,3.3,0.0
43,144,3.3,0.0
108,293,2.1,0.0
81,82,4.8,1.0
31,5,4.2,1.0
88,279,1.1,0.0
187,110,1.0,0.0
196,105,2.3,0.0
129,143,4.7,1.0
99,151,5.0,1.0
135,196,4.4,1.0
194,279,5.0,1.0
35,45,5.0,1.0
89,220,3.6,1.0
188,14,1.0,0.0
68,88,3.2,0.0
111,39,4.2,1.0
6,2,5.0,1.0
118,12,3.5,1.0
108,86,2.8,0.0
4,1,5.0,1.0
58,256,2.1,0.0
12,211,1.0,0.0
125,110,3.8,1.0
52,200,1.5,0.0
10,175,2.4,0.0
103,45,3.3,0.0
13,144,2.1,0.0
71,170,3.4,0.0
6,132,3.7,1.0
164,234,5.0,1.0
81,237,2.6,0.0
109,28,1.4,0.0
0,105,4.8,1.0
178,62,1.2,0.0
95,61,2.7,0.0
76,198,3.7,1.0
95,257,3.6,1.0
56,131,4.2,1.0
1,201,3.0,0.0
80,278,3.2,0.0
72,128,4.4,1.0
181,216,2.2,0.0
163,184,4.2,1.0
30,8,5.0,1.0
43,127,4.4,1.0
86,162,3.2,0.0
148,96,2.9,0.0
24,84,4.3,1.0
183,69,1.9,0.0
27,24,4.8,1.0
67,65,3.9,1.0
17,263,1.6,0.0
144,111,4.2,1.0
80,88,5.0,1.0
190,23,1.0,0.0
193,95,2.3,0.0
170,7,1.3,0.0
160,200,4.4,1.0
124,50,2.5,0.0
98,73,4.4,1.0
75,16,4.5,1.0
183,279,4.7,1.0
67,177,2.7,0.0
110,180,3.2,0.0
69,149,4.6,1.0
138,279,3.9,1.0
35,281,2.4,0.0
141,200,4.2,1.0
138,106,4.5,1.0
44,176,3.0,0.0
180,223,4.3,1.0
131,291,4.1,1.0
193,41,1.3,0.0
26,261,1.2,0.0
159,180,3.4,0.0
12,136,2.6,0.0
157,239,5.0,1.0
183,97,1.0,0.0
157,280,5.0,1.0
198,19,2.2,0.0
197,163,1.0,0.0
88,293,2.8,0.0
94,27,2.1,0.0
177,14,1.0,0.0
57,150,5.0,1.0
64,62,4.4,1.0
16,94,4.3,1.0
159,182,3.5,1.0
141,16,2.0,0.0
124,235,4.7,1.0
189,270,3.7,1.0
167,146,3.8,1.0
112,137,5.0,1.0
136,37,2.4,0.0
69,182,4.3,1.0
137,209,5.0,1.0
113,106,3.4,0.0
180,253,5.0,1.0
147,247,4.1,1.0
44,114,4.6,1.0
78,26,2.9,0.0
159,61,2.7,0.0
79,271,2.2,0.0
59,228,3.1,0.0
81,299,1.9,0.0
153,222,5.0,1.0
14,13,3.6,1.0
179,152,3.4,0.0
102,9,3.1,0.0
153,38,2.7,0.0
176,66,1.8,0.0
128,154,4.9,1.0
47,41,4.2,1.0
3,265,1.0,0.0
123,219,4.9,1.0
135,233,4.8,1.0
51,208,1.3,0.0
148,248,4.5,1.0
92,117,5.0,1.0
150,195,4.6,1.0
154,85,1.9,0.0
168,167,3.7,1.0
140,100,3.8,1.0
91,106,4.0,1.0
78,73,4.5,1.0
7,109,3.8,1.0
178,214,3.5,1.0
186,151,3.1,0.0
166,194,2.0,0.0
165,131,4.4,1.0
167,6,1.2,0.0
187,248,4.6,1.0
18,278,1.0,0.0
196,182,4.0,1.0
55,152,3.8,1.0
73,156,3.2,0.0
168,272,5.0,1.0
182,175,4.1,1.0
52,29,3.9,1.0
67,41,3.5,1.0
31,62,4.9,1.0
46,253,1.9,0.0
16,92,5.0,1.0
30,64,5.0,1.0
51,233,2.5,0.0
63,285,3.0,0.0
71,13,3.2,0.0
180,8,1.7,0.0
62,97,5.0,1.0
166,86,2.8,0.0
57,267,3.0,0.0
170,240,4.5,1.0
98,33,5.0,1.0
125,27,3.2,0.0
118,39,4.4,1.0
61,219,1.8,0.0
78,135,3.3,0.0
88,175,3.8,1.0
131,230,4.7,1.0
19,190,1.8,0.0
151,81,1.2,0.0
0,58,4.2,1.0
159,268,3.9,1.0
190,265,5.0,1.0
18,110,3.8,1.0
148,82,1.9,0.0
145,108,3.9,1.0
53,226,4.4,1.0
61,172,4.5,1.0
168,7,1.3,0.0
143,72,2.2,0.0
2,48,5.0,1.0
15,9,4.9,1.0
7,82,3.1,0.0
153,16,1.6,0.0
16,188,2.1,0.0
121,272,3.2,0.0
14,15,5.0,1.0
93,15,2.1,0.0
170,146,2.9,0.0
194,170,3.5,1.0
34,189,2.6,0.0
46,251,3.0,0.0
88,166,5.0,1.0
61,297,2.1,0.0
155,17,1.1,0.0
148,177,4.7,1.0
178,203,4.3,1.0
72,275,2.1,0.0
97,286,2.4,0.0
88,105,3.4,0.0
173,32,1.5,0.0
71,71,4.9,1.0
177,209,3.9,1.0
170,206,3.1,0.0
9,13,4.5,1.0
77,86,4.6,1.0
104,90,3.5,1.0
114,134,3.7,1.0
118,233,5.0,1.0
146,195,5.0,1.0
182,222,3.9,1.0
55,266,1.4,0.0
81,235,4.0,1.0
54,78,5.0,1.0
65,199,3.1,0.0
82,71,4.3,1.0
126,271,3.0,0.0
12,91,2.6,0.0
106,219,4.3,1.0
191,165,3.3,0.0
72,126,4.4,1.0
37,286,1.0,0.0
120,61,3.2,0.0
179,278,5.0,1.0
11,10,5.0,1.0
111,35,2.9,0.0
130,40,2.5,0.0
199,270,4.4,1.0
82,187,4.1,1.0
186,280,5.0,1.0
52,177,4.5,1.0
60,269,2.4,0.0
4,256,1.0,0.0
73,85,4.0,1.0
40,264,1.0,0.0
5,46,5.0,1.0
47,13,3.7,1.0
33,233,2.2,0.0
116,275,2.7,0.0
131,262,3.6,1.0
112,164,5.0,1.0
161,106,2.8,0.0
153,49,2.8,0.0
45,18,4.5,1.0
36,252,1.3,0.0
146,62,2.4,0.0
183,223,4.0,1.0
5,78,3.7,1.0
182,251,5.0,1.0
158,266,3.4,0.0
164,128,3.2,0.0
151,50,3.4,0.0
18,73,3.8,1.0
101,285,3.4,0.0
78,129,4.1,1.0
90,289,2.3,0.0
66,223,3.2,0.0
175,195,3.7,1.0
186,185,3.8,1.0
154,79,1.8,0.0
43,281,1.0,0.0
113,276,2.9,0.0
46,255,1.2,0.0
153,110,3.6,1.0
69,182,4.3,1.0
140,193,4.4,1.0
141,54,2.0,0.0
64,70,4.1,1.0
188,275,5.0,1.0
166,299,4.0,1.0
69,244,3.0,0.0
103,203,4.0,1.0
66,201,2.7,0.0
155,155,4.2,1.0
80,271,1.2,0.0
34,114,4.1,1.0
154,104,3.9,1.0
198,278,4.6,1.0
183,229,4.1,1.0
104,23,3.3,0.0
87,249,3.3,0.0
62,272,1.6,0.0
140,69,1.1,0.0
167,248,4.9,1.0
192,74,1.9,0.0
12,274,1.0,0.0
20,48,5.0,1.0
149,1,1.1,0.0
42,82,2.5,0.0
171,98,1.5,0.0
58,262,2.8,0.0
40,104,5.0,1.0
98,152,4.6,1.0
21,134,2.9,0.0
69,27,3.0,0.0
176,254,5.0,1.0
78,105,5.0,1.0
37,148,2.3,0.0
34,36,5.0,1.0
35,264,1.0,0.0
125,4,1.3,0.0
29,16,4.1,1.0
157,271,3.7,1.0
102,28,1.8,0.0
193,146,2.6,0.0
28,260,1.3,0.0
111,242,5.0,1.0
61,135,3.0,0.0
26,193,3.5,1.0
125,293,2.8,0.0
136,48,1.8,0.0
191,210,5.0,1.0
89,82,3.9,1.0
124,297,3.4,0.0
154,228,5.0,1.0
175,157,2.9,0.0
29,27,3.2,0.0
190,257,5.0,1.0
69,23,1.8,0.0
40,217,2.4,0.0
29,187,2.9,0.0
140,23,1.1,0.0
113,119,2.7,0.0
164,48,1.0,0.0
104,171,5.0,1.0
69,171,4.1,1.0
82,65,3.3,0.0
181,90,1.4,0.0
188,52,1.0,0.0
151,276,4.6,1.0
178,15,1.0,0.0
146,70,2.8,0.0
85,8,3.2,0.0
123,11,3.0,0.0
68,40,4.5,1.0
186,102,2.7,0.0
107,65,3.8,1.0
167,179,4.1,1.0
94,50,5.0,1.0
67,177,4.3,1.0
121,246,4.7,1.0
15,154,3.8,1.0
189,215,4.5,1.0
97,17,3.2,0.0
30,164,2.8,0.0
194,197,3.3,0.0
136,56,3.0,0.0
70,86,4.7,1.0
81,246,2.0,0.0
156,26,2.2,0.0
108,26,2.0,0.0
2,164,3.0,0.0
46,133,4.5,1.0
13,163,3.6,1.0
85,292,1.0,0.0
194,144,2.2,0.0
182,261,5.0,1.0
83,188,3.2,0.0
197,208,3.9,1.0
189,169,4.0,1.0
131,93,2.6,0.0
165,257,5.0,1.0
84,247,2.7,0.0
46,189,3.2,0.0
96,284,2.6,0.0
117,167,5.0,1.0
66,273,2.6,0.0
199,53,1.0,0.0
104,195,3.5,1.0
39,296,1.4,0.0
38,104,4.0,1.0
127,0,1.7,0.0
9,118,4.1,1.0
80,154,2.5,0.0
173,74,2.5,0.0
140,233,5.0,1.0
180,132,2.5,0.0
44,227,1.2,0.0
155,14,1.0,0.0
168,112,2.8,0.0
57,138,3.1,0.0
177,249,5.0,1.0
170,240,5.0,1.0
173,3,1.0,0.0
84,136,4.3,1.0
76,226,2.9,0.0
25,208,1.9,0.0
113,94,4.2,1.0
9,169,2.6,0.0
67,113,4.4,1.0
29,67,5.0,1.0
182,12,1.0,0.0
11,259,1.0,0.0
3,75,3.9,1.0
181,118,2.7,0.0
85,69,4.3,1.0
61,47,4.0,1.0
24,128,3.5,1.0
20,160,4.2,1.0
147,277,4.6,1.0
181,17,1.1,0.0
104,258,3.0,0.0
40,197,2.9,0.0
113,9,2.5,0.0
54,281,2.7,0.0
146,209,5.0,1.0
31,21,5.0,1.0
99,119,5.0,1.0
67,264,4.1,1.0
174,49,1.3,0.0
154,205,5.0,1.0
88,262,3.7,1.0
97,266,3.8,1.0
153,287,3.2,0.0
57,44,3.9,1.0
187,141,2.0,0.0
19,47,5.0,1.0
71,164,4.8,1.0
2,44,1.7,0.0
163,38,1.0,0.0
183,34,1.2,0.0
198,234,3.9,1.0
27,211,3.1,0.0
140,72,2.0,0.0
126,172,4.9,1.0
116,79,3.4,0.0
137,59,1.0,0.0
46,238,1.2,0.0
128,236,4.1,1.0
194,18,1.0,0.0
107,186,4.5,1.0
191,26,1.0,0.0
17,258,1.0,0.0
152,144,3.6,1.0
188,89,2.1,0.0
10,25,5.0,1.0
119,63,1.3,0.0
38,113,2.9,0.0
55,265,1.7,0.0
97,98,4.1,1.0
122,18,2.1,0.0
4,186,2.9,0.0
14,110,2.7,0.0
137,26,1.6,0.0
71,38,5.0,1.0
64,243,1.1,0.0
61,65,3.8,1.0
31,256,1.0,0.0
49,215,2.5,0.0
145,50,2.5,0.0
140,64,1.8,0.0
158,258,5.0,1.0
81,7,5.0,1.0
83,42,2.5,0.0
131,203,5.0,1.0
76,140,5.0,1.0
89,269,3.3,0.0
168,138,4.4,1.0
12,107,4.0,1.0
189,179,1.4,0.0
150,89,2.4,0.0
146,175,4.6,1.0
56,29,4.3,1.0
130,165,2.5,0.0
149,217,5.0,1.0
40,132,3.7,1.0
77,273,2.3,0.0
97,159,4.4,1.0
74,285,2.4,0.0
106,36,3.3,0.0
53,89,5.0,1.0
136,240,3.5,1.0
21,25,4.0,1.0
86,120,5.0,1.0
97,291,2.8,0.0
104,165,5.0,1.0
137,125,3.6,1.0
63,153,3.8,1.0
130,213,3.0,0.0
183,116,1.5,0.0
74,191,4.2,1.0
20,270,1.8,0.0
140,54,1.4,0.0
110,264,1.5,0.0
77,160,4.1,1.0
77,37,4.2,1.0
3,178,2.5,0.0
143,224,5.0,1.0
127,35,1.3,0.0
77,206,3.6,1.0
120,25,3.6,1.0
99,204,3.4,0.0
157,191,4.5,1.0
57,262,1.9,0.0
161,139,4.6,1.0
42,83,4.5,1.0
134,17,2.8,0.0
36,189,2.8,0.0
66,173,5.0,1.0
194,64,1.8,0.0
172,289,4.9,1.0
55,27,3.5,1.0
21,78,3.8,1.0
36,71,5.0,1.0
163,108,3.2,0.0
25,106,3.1,0.0
133,110,2.6,0.0
109,273,2.5,0.0
143,172,3.8,1.0
133,263,5.0,1.0
162,110,2.6,0.0
62,122,3.7,1.0
178,1,1.0,0.0
76,22,4.2,1.0
157,27,2.0,0.0
186,188,2.6,0.0
12,47,4.9,1.0
38,245,1.8,0.0
178,98,2.5,0.0
44,220,2.4,0.0
152,290,5.0,1.0
160,132,3.4,0.0
68,46,4.3,1.0
177,30,1.0,0.0
28,157,3.3,0.0
38,287,2.4,0.0
84,279,3.8,1.0
186,66,1.0,0.0
56,44,4.5,1.0
136,259,4.2,1.0
189,207,3.3,0.0
180,6,1.0,0.0
180,213,4.3,1.0
103,139,5.0,1.0
66,291,1.0,0.0
119,87,3.1,0.0
97,9,2.2,0.0
82,286,2.2,0.0
114,46,3.0,0.0
82,43,3.8,1.0
59,235,2.9,0.0
101,40,1.8,0.0
96,241,3.4,0.0
15,33,5.0,1.0
186,91,1.7,0.0
35,26,4.1,1.0
95,81,4.0,1.0
76,256,2.5,0.0
13,98,3.7,1.0
152,59,2.1,0.0
68,142,4.4,1.0
68,77,4.1,1.0
196,68,1.0,0.0
70,17,4.4,1.0
152,249,5.0,1.0
129,36,2.9,0.0
28,225,2.4,0.0
177,133,1.9,0.0
182,53,1.0,0.0
125,144,3.7,1.0
32,175,2.7,0.0
38,202,3.0,0.0
50,9,3.6,1.0
99,297,1.4,0.0
130,121,3.8,1.0
83,12,3.2,0.0
72,128,4.7,1.0
74,215,3.7,1.0
39,294,1.0,0.0
172,3,1.0,0.0
194,106,2.8,0.0
130,249,4.2,1.0
140,229,5.0,1.0
34,233,2.2,0.0
117,72,1.4,0.0
6,262,1.0,0.0
175,255,5.0,1.0
193,45,1.0,0.0
85,9,2.7,0.0
81,123,5.0,1.0
65,217,3.2,0.0
31,193,2.4,0.0
198,148,4.3,1.0
112,254,3.8,1.0
150,95,1.4,0.0
133,139,4.7,1.0
44,114,3.8,1.0
47,94,5.0,1.0
29,59,5.0,1.0
115,154,4.0,1.0
163,167,4.2,1.0
100,186,5.0,1.0
67,9,1.9,0.0
65,145,4.1,1.0
14,38,5.0,1.0
142,285,3.5,1.0
98,269,3.8,1.0
73,279,1.6,0.0
159,169,3.5,1.0
118,3,2.9,0.0
42,69,5.0,1.0
145,283,4.4,1.0
82,274,3.1,0.0
66,232,2.8,0.0
129,185,4.0,1.0
94,241,2.6,0.0
148,9,2.9,0.0
179,238,5.0,1.0
192,187,3.7,1.0
49,252,2.1,0.0
155,92,3.3,0.0
178,161,3.9,1.0
23,268,1.7,0.0
0,131,2.7,0.0
20,243,1.4,0.0
126,47,2.2,0.0
155,297,3.5,1.0
71,240,2.7,0.0
54,210,1.6,0.0
95,157,5.0,1.0
157,196,3.2,0.0
31,237,2.1,0.0
52,70,5.0,1.0
101,12,3.5,1.0
82,291,3.2,0.0
187,257,3.7,1.0
21,94,3.9,1.0
188,178,3.3,0.0
194,198,3.3,0.0
75,40,4.1,1.0
49,139,3.0,0.0
7,248,2.0,0.0
105,113,5.0,1.0
95,97,4.6,1.0
42,2,4.4,1.0
88,51,2.4,0.0
162,168,1.7,0.0
195,205,4.4,1.0
197,113,1.6,0.0
188,152,3.9,1.0
24,165,3.3,0.0
136,184,3.6,1.0
100,37,4.8,1.0
194,68,2.4,0.0
186,228,4.6,1.0
156,229,4.7,1.0
130,70,4.0,1.0
64,111,4.2,1.0
31,25,5.0,1.0
113,68,3.2,0.0
62,88,4.9,1.0
112,29,2.5,0.0
21,84,4.9,1.0
186,181,4.0,1.0
69,220,4.9,1.0
136,107,2.0,0.0
162,7,1.0,0.0
167,240,5.0,1.0
144,119,4.5,1.0
103,185,4.1,1.0
151,98,2.3,0.0
147,160,3.7,1.0
58,299,2.3,0.0
146,156,5.0,1.0
9,8,4.5,1.0
149,22,2.1,0.0
199,51,1.0,0.0
83,180,4.1,1.0
39,144,4.0,1.0
120,34,2.0,0.0
197,71,2.1,0.0
171,81,1.4,0.0
32,90,3.8,1.0
107,120,4.7,1.0
33,134,4.6,1.0
106,270,1.9,0.0
182,101,2.0,0.0
167,14,1.7,0.0
136,225,5.0,1.0
131,112,4.0,1.0
150,73,1.1,0.0
190,171,3.5,1.0
146,85,4.1,1.0
16,38,5.0,1.0
133,257,4.7,1.0
37,31,4.8,1.0
181,33,1.9,0.0
31,105,4.3,1.0
182,85,1.1,0.0
84,40,4.0,1.0
41,264,1.4,0.0
84,297,2.8,0.0
168,105,1.8,0.0
30,60,4.8,1.0
169,292,3.3,0.0
164,153,2.3,0.0
61,39,5.0,1.0
81,113,5.0,1.0
105,99,4.1,1.0
110,257,3.4,0.0
140,56,2.3,0.0
90,1,3.4,0.0
56,133,3.7,1.0
53,225,2.6,0.0
4,222,2.4,0.0
136,132,3.7,1.0
3,135,2.8,0.0
169,296,3.9,1.0
110,166,4.3,1.0
183,293,5.0,1.0
70,258,1.7,0.0
107,149,5.0,1.0
30,263,1.0,0.0
62,69,4.9,1.0
28,269,1.0,0.0
140,111,3.0,0.0
126,20,2.3,0.0
122,151,5.0,1.0
123,270,3.3,0.0
94,150,5.0,1.0
160,257,5.0,1.0
45,102,5.0,1.0
14,109,2.8,0.0
190,217,2.9,0.0
146,103,1.8,0.0
32,192,2.5,0.0
26,176,1.2,0.0
28,213,2.2,0.0
185,295,4.1,1.0
14,137,2.9,0.0
147,116,4.4,1.0
75,231,3.7,1.0
194,244,5.0,1.0
3,227,1.8,0.0
127,215,5.0,1.0
99,185,4.2,1.0
9,31,4.6,1.0
114,65,3.4,0.0
175,77,2.2,0.0
13,121,1.6,0.0
164,223,3.2,0.0
175,299,5.0,1.0
81,243,2.7,0.0
124,152,4.5,1.0
28,218,2.1,0.0
17,30,5.0,1.0
33,268,1.1,0.0
159,180,5.0,1.0
186,213,4.2,1.0
8,227,1.4,0.0
41,298,1.3,0.0
44,21,3.6,1.0
54,144,4.3,1.0
14,175,1.4,0.0
144,33,2.0,0.0
195,169,2.9,0.0
120,250,4.8,1.0
76,201,3.6,1.0
83,65,3.2,0.0
75,80,5.0,1.0
177,113,1.0,0.0
10,280,1.8,0.0
178,111,1.1,0.0
89,101,2.6,0.0
33,218,1.9,0.0
95,91,4.7,1.0
59,55,4.6,1.0
118,94,4.6,1.0
161,188,3.1,0.0
199,183,2.5,0.0
77,205,2.8,0.0
6,219,1.0,0.0
21,131,4.6,1.0
45,115,4.4,1.0
142,195,4.4,1.0
18,278,2.2,0.0
176,181,3.7,1.0
172,100,1.8,0.0
11,142,2.7,0.0
78,235,2.9,0.0
182,107,2.2,0.0
13,116,3.7,1.0
138,183,4.7,1.0
70,205,3.2,0.0
49,267,1.9,0.0
150,8,2.8,0.0
191,260,4.8,1.0
86,272,2.8,0.0
22,24,5.0,1.0
170,166,4.2,1.0
133,176,4.0,1.0
157,160,3.1,0.0
98,245,3.5,1.0
189,298,4.2,1.0
195,50,1.0,0.0
128,31,1.8,0.0
45,145,2.0,0.0
138,295,3.6,1.0
82,89,4.2,1.0
142,59,3.2,0.0
188,297,4.3,1.0
180,51,1.0,0.0
174,165,3.4,0.0
178,281,5.0,1.0
90,206,3.3,0.0
128,163,4.3,1.0
30,216,2.6,0.0
50,88,4.2,1.0
14,23,4.9,1.0
48,57,4.4,1.0
133,123,3.3,0.0
75,12,3.4,0.0
142,20,2.9,0.0
172,178,4.0,1.0
22,142,4.5,1.0
43,197,2.2,0.0
100,243,3.6,1.0
11,68,3.7,1.0
39,161,2.0,0.0
78,3,4.7,1.0
4,76,3.9,1.0
13,210,1.0,0.0
172,11,1.0,0.0
87,77,4.9,1.0
185,170,2.1,0.0
65,180,4.1,1.0
109,98,3.5,1.0
119,204,4.7,1.0
103,269,3.1,0.0
184,268,4.9,1.0
38,88,5.0,1.0
71,97,4.8,1.0
31,210,2.4,0.0
72,240,3.4,0.0
67,6,3.3,0.0
92,109,4.3,1.0
20,158,3.5,1.0
144,167,4.8,1.0
146,188,5.0,1.0
70,108,5.0,1.0
170,212,4.1,1.0
142,51,2.9,0.0
21,265,1.0,0.0
83,268,2.7,0.0
41,131,3.1,0.0
155,150,4.3,1.0
156,11,2.3,0.0
56,162,2.9,0.0
81,263,2.2,0.0
11,10,5.0,1.0
199,70,1.6,0.0
73,223,1.3,0.0
115,249,3.0,0.0
175,46,1.0,0.0
112,3,2.6,0.0
54,22,4.8,1.0
93,47,3.6,1.0
71,149,5.0,1.0
168,146,2.4,0.0
80,27,3.4,0.0
35,46,5.0,1.0
8,171,1.6,0.0
11,74,5.0,1.0
187,258,5.0,1.0
138,14,1.1,0.0
60,145,4.0,1.0
124,280,4.0,1.0
154,109,2.5,0.0
115,143,3.7,1.0
21,182,3.7,1.0
144,102,1.9,0.0
86,243,2.7,0.0
118,153,4.5,1.0
163,212,4.4,1.0
151,152,3.8,1.0
66,193,4.1,1.0
76,240,2.4,0.0
187,74,1.0,0.0
5,80,2.8,0.0
193,79,1.5,0.0
69,57,5.0,1.0
171,50,3.6,1.0
34,97,4.0,1.0
64,218,4.9,1.0
164,99,1.1,0.0
108,272,3.8,1.0
24,103,4.5,1.0
72,195,3.4,0.0
186,141,2.7,0.0
119,127,3.9,1.0
58,167,1.9,0.0
67,135,4.7,1.0
15,213,2.2,0.0
167,86,2.6,0.0
97,284,4.3,1.0
29,260,1.6,0.0
191,156,2.7,0.0
147,236,4.4,1.0
37,272,1.5,0.0
160,110,1.5,0.0
184,253,4.4,1.0
45,105,4.8,1.0
162,248,5.0,1.0
91,73,3.1,0.0
46,60,3.7,1.0
177,107,2.3,0.0
192,288,5.0,1.0
9,160,3.4,0.0
11,46,5.0,1.0
34,113,4.1,1.0
11,108,3.7,1.0
8,7,5.0,1.0
34,220,3.0,0.0
78,214,4.1,1.0
80,286,2.9,0.0
173,128,3.0,0.0
24,58,5.0,1.0
110,227,4.7,1.0
185,148,3.3,0.0
170,6,1.5,0.0
20,182,2.0,0.0
198,171,2.4,0.0
105,205,4.5,1.0
123,67,2.5,0.0
75,85,4.3,1.0
192,288,5.0,1.0
100,19,2.8,0.0
30,207,1.1,0.0
32,132,4.7,1.0
162,177,4.7,1.0
61,227,3.2,0.0
127,196,5.0,1.0
178,155,1.7,0.0
109,259,2.0,0.0
21,0,4.4,1.0
86,12,2.4,0.0
31,150,4.2,1.0
143,259,5.0,1.0
194,299,4.7,1.0
154,218,3.0,0.0
144,104,4.1,1.0
9,53,2.7,0.0
13,175,2.2,0.0
146,119,2.9,0.0
10,50,5.0,1.0
86,119,3.6,1.0
120,171,5.0,1.0
24,78,4.8,1.0
185,137,2.8,0.0
160,53,1.0,0.0
97,107,4.3,1.0
13,161,3.0,0.0
97,235,3.1,0.0
6,270,1.5,0.0
179,217,4.1,1.0
68,228,3.1,0.0
18,71,3.2,0.0
184,146,2.4,0.0
190,278,5.0,1.0
171,6,1.3,0.0
38,194,1.5,0.0
155,28,1.3,0.0
5,200,1.9,0.0
168,248,4.0,1.0
77,281,2.0,0.0
143,27,1.9,0.0
11,228,1.5,0.0
151,267,3.8,1.0
194,23,1.0,0.0
84,214,4.0,1.0
102,64,3.0,0.0
57,229,3.6,1.0
112,140,4.0,1.0
82,97,4.5,1.0
108,73,3.9,1.0
7,270,1.0,0.0
119,137,4.3,1.0
131,168,5.0,1.0
27,60,4.7,1.0
152,298,5.0,1.0
182,59,1.3,0.0
103,285,3.4,0.0
94,264,1.8,0.0
45,101,3.6,1.0
41,150,4.1,1.0
182,65,1.0,0.0
35,294,1.0,0.0
115,121,5.0,1.0
93,246,3.7,1.0
74,275,2.0,0.0
160,208,4.2,1.0
20,153,2.7,0.0
39,7,4.8,1.0
21,80,5.0,1.0
170,37,1.0,0.0
29,48,4.7,1.0
9,239,2.4,0.0
14,190,3.8,1.0
86,132,4.6,1.0
127,206,3.9,1.0
137,249,4.3,1.0
67,31,4.5,1.0
189,200,3.7,1.0
98,50,4.0,1.0
44,141,4.4,1.0
128,194,5.0,1.0
81,128,4.9,1.0
132,227,4.1,1.0
146,82,2.9,0.0
0,81,4.1,1.0
167,238,5.0,1.0
12,79,3.6,1.0
180,253,3.0,0.0
123,29,3.4,0.0
63,207,3.7,1.0
177,287,3.8,1.0
3,55,3.9,1.0
58,190,1.1,0.0
29,252,1.4,0.0
38,52,4.9,1.0
115,150,5.0,1.0
65,171,2.7,0.0
22,232,2.5,0.0
170,204,4.7,1.0
178,18,1.0,0.0
37,279,1.0,0.0
84,58,5.0,1.0
145,3,1.8,0.0
3,111,2.5,0.0
66,207,2.5,0.0
97,61,1.7,0.0
62,10,3.8,1.0
74,188,3.1,0.0
19,121,3.8,1.0
108,153,4.9,1.0
33,51,5.0,1.0
54,76,4.4,1.0
134,25,1.7,0.0
108,290,2.8,0.0
187,232,4.1,1.0
84,4,2.7,0.0
110,8,2.6,0.0
115,231,3.1,0.0
140,159,3.8,1.0
127,153,4.6,1.0
52,43,4.9,1.0
195,151,4.3,1.0
164,209,4.3,1.0
118,17,2.1,0.0
74,140,5.0,1.0
109,267,2.4,0.0
188,61,2.1,0.0
192,222,3.7,1.0
59,264,1.0,0.0
125,68,3.2,0.0
140,196,5.0,1.0
74,236,3.1,0.0
19,34,5.0,1.0
10,107,4.0,1.0
86,30,2.5,0.0
110,147,5.0,1.0
80,258,2.3,0.0
42,281,1.0,0.0
148,92,2.2,0.0
177,227,5.0,1.0
33,227,1.0,0.0
177,296,3.1,0.0
131,174,4.3,1.0
51,244,2.8,0.0
87,216,3.7,1.0
145,149,3.6,1.0
100,241,3.6,1.0
174,138,3.2,0.0
4,162,2.0,0.0
165,78,1.9,0.0
174,25,1.0,0.0
7,233,1.0,0.0
75,274,2.1,0.0
12,44,4.7,1.0
54,52,4.7,1.0
103,134,4.1,1.0
95,212,3.6,1.0
7,229,1.0,0.0
177,254,3.2,0.0
64,58,4.4,1.0
53,257,1.0,0.0
106,183,5.0,1.0
42,130,2.8,0.0
6,15,5.0,1.0
48,127,4.0,1.0
180,61,1.8,0.0
193,280,4.1,1.0
176,187,4.1,1.0
115,192,5.0,1.0
43,0,3.8,1.0
89,228,4.5,1.0
125,63,3.4,0.0
80,132,5.0,1.0
196,68,1.9,0.0
32,210,2.1,0.0
67,192,4.8,1.0
117,0,2.2,0.0
160,129,3.1,0.0
58,83,4.2,1.0
137,165,3.8,1.0
117,30,2.2,0.0
20,243,1.6,0.0
148,19,1.0,0.0
85,111,5.0,1.0
162,150,3.6,1.0
28,56,5.0,1.0
123,84,2.3,0.0
56,204,2.7,0.0
121,12,2.7,0.0
128,206,5.0,1.0
28,178,2.1,0.0
68,251,2.8,0.0
171,248,5.0,1.0
83,261,2.0,0.0
132,166,4.6,1.0
176,122,1.5,0.0
85,139,4.1,1.0
100,156,4.8,1.0
115,95,4.0,1.0
6,257,1.0,0.0
182,53,1.1,0.0
68,277,3.5,1.0
94,17,3.5,1.0
170,154,2.7,0.0
157,292,3.9,1.0
24,255,1.3,0.0
138,134,4.7,1.0
50,217,3.6,1.0
63,183,2.6,0.0
38,15,3.5,1.0
126,164,4.2,1.0
101,93,4.3,1.0
176,274,4.6,1.0
40,109,3.0,0.0
178,132,2.4,0.0
137,222,4.9,1.0
178,185,3.6,1.0
153,231,5.0,1.0
15,274,1.3,0.0
151,205,4.0,1.0
25,226,1.6,0.0
41,92,4.8,1.0
56,68,5.0,1.0
163,195,5.0,1.0
159,113,2.6,0.0
158,67,2.4,0.0
167,202,3.5,1.0
110,125,4.1,1.0
133,202,5.0,1.0
154,228,4.3,1.0
177,279,4.8,1.0
28,41,4.7,1.0
74,164,5.0,1.0
186,203,3.4,0.0
157,151,3.8,1.0
151,35,2.8,0.0
147,14,1.0,0.0
31,58,5.0,1.0
25,102,3.5,1.0
183,249,4.6,1.0
95,231,3.9,1.0
83,119,5.0,1.0
145,48,1.0,0.0
147,36,1.9,0.0
160,182,3.9,1.0
193,212,4.2,1.0
189,87,1.0,0.0
189,133,3.3,0.0
155,116,3.6,1.0
188,118,2.1,0.0
110,293,2.4,0.0
102,28,1.9,0.0
158,4,1.0,0.0
170,168,3.8,1.0
198,111,1.2,0.0
95,212,3.1,0.0
191,234,3.4,0.0
174,14,2.1,0.0
184,120,3.5,1.0
160,113,3.2,0.0
133,174,4.0,1.0
153,90,2.4,0.0
50,207,4.0,1.0
3,291,1.0,0.0
178,241,4.2,1.0
108,222,3.3,0.0
105,279,2.7,0.0
70,64,4.4,1.0
168,281,5.0,1.0
75,295,2.1,0.0
116,292,2.1,0.0
69,172,3.0,0.0
42,14,3.7,1.0
196,5,1.0,0.0
176,137,2.2,0.0
130,165,4.8,1.0
38,197,2.1,0.0
77,280,2.6,0.0
18,258,2.9,0.0
168,7,1.0,0.0
7,230,1.6,0.0
183,280,4.5,1.0
127,25,1.9,0.0
37,133,4.4,1.0
123,84,2.5,0.0
115,126,5.0,1.0
8,176,2.6,0.0
46,167,2.3,0.0
139,4,1.0,0.0
84,211,3.9,1.0
146,94,1.8,0.0
166,294,4.7,1.0
123,192,4.6,1.0
125,231,5.0,1.0
74,82,5.0,1.0
144,59,2.3,0.0
50,195,3.9,1.0
120,245,3.2,0.0
88,224,3.4,0.0
20,69,5.0,1.0
67,158,4.8,1.0
180,124,2.6,0.0
7,27,4.5,1.0
159,91,1.9,0.0
67,218,4.0,1.0
62,145,4.0,1.0
168,15,1.0,0.0
110,85,4.2,1.0
183,71,1.9,0.0
64,257,2.5,0.0
98,101,3.9,1.0
137,20,2.9,0.0
116,0,1.5,0.0
183,7,1.0,0.0
151,35,1.4,0.0
153,17,1.4,0.0
112,241,5.0,1.0
162,145,4.4,1.0
12,103,3.9,1.0
20,137,3.3,0.0
187,80,1.0,0.0
7,170,1.9,0.0
39,231,2.5,0.0
165,228,3.3,0.0
152,58,3.3,0.0
163,23,1.8,0.0
162,76,3.0,0.0
10,191,2.9,0.0
88,137,5.0,1.0
98,248,2.8,0.0
99,238,4.2,1.0
95,277,3.6,1.0
94,187,3.9,1.0
75,158,4.2,1.0
78,117,4.1,1.0
58,177,3.6,1.0
119,92,4.5,1.0
94,289,3.0,0.0
31,19,5.0,1.0
13,175,2.7,0.0
67,75,5.0,1.0
189,269,5.0,1.0
194,196,4.6,1.0
165,36,1.4,0.0
2,227,1.5,0.0
11,211,1.7,0.0
180,237,3.9,1.0
185,17,1.3,0.0
119,251,4.0,1.0
59,7,2.6,0.0
110,78,3.3,0.0
187,231,3.4,0.0
146,42,2.5,0.0
144,185,5.0,1.0
136,142,5.0,1.0
119,197,4.2,1.0
193,256,4.9,1.0
146,238,4.3,1.0
53,98,3.6,1.0
131,285,5.0,1.0
62,78,5.0,1.0
177,241,4.7,1.0
185,9,1.0,0.0
2,8,3.9,1.0
162,168,3.8,1.0
48,187,2.6,0.0
35,223,3.0,0.0
173,200,3.8,1.0
74,160,3.7,1.0
179,198,3.9,1.0
122,230,5.0,1.0
160,25,1.1,0.0
189,141,1.6,0.0
18,134,2.4,0.0
30,140,5.0,1.0
77,161,5.0,1.0
63,249,3.1,0.0
64,91,5.0,1.0
148,177,4.4,1.0
103,226,4.3,1.0
22,24,5.0,1.0
71,281,2.3,0.0
185,66,1.8,0.0
116,79,3.1,0.0
105,239,3.8,1.0
199,171,1.9,0.0
13,45,3.4,0.0
135,41,3.9,1.0
178,172,2.9,0.0
168,140,2.7,0.0
63,212,1.5,0.0
197,237,3.0,0.0
143,75,3.3,0.0
5,251,1.5,0.0
184,178,3.1,0.0
23,144,3.8,1.0
67,167,2.3,0.0
82,94,4.9,1.0
81,133,3.5,1.0
120,276,3.2,0.0
151,278,4.5,1.0
154,183,3.4,0.0
29,112,3.3,0.0
105,114,3.4,0.0
70,173,3.4,0.0
110,27,3.4,0.0
111,199,4.9,1.0
56,54,4.7,1.0
167,280,4.4,1.0
175,159,3.8,1.0
186,21,1.0,0.0
134,244,3.3,0.0
162,281,4.2,1.0
188,219,2.8,0.0
186,124,2.9,0.0
7,61,4.4,1.0
129,63,1.6,0.0
38,30,3.8,1.0
151,204,5.0,1.0
175,185,5.0,1.0
92,160,4.6,1.0
43,217,2.0,0.0
106,237,3.3,0.0
118,204,4.6,1.0
10,6,4.8,1.0
195,258,4.2,1.0
189,234,5.0,1.0
176,164,2.9,0.0
123,57,3.3,0.0
122,44,2.5,0.0
79,101,4.6,1.0
61,117,3.7,1.0
188,251,4.5,1.0
91,102,5.0,1.0
56,193,2.3,0.0
86,270,3.8,1.0
83,270,3.3,0.0
16,226,1.6,0.0
48,260,1.7,0.0
129,125,3.7,1.0
157,46,1.5,0.0
59,118,3.3,0.0
172,148,2.5,0.0
193,158,3.1,0.0
83,269,2.0,0.0
52,225,3.5,1.0
100,116,4.6,1.0
155,127,5.0,1.0
57,137,4.3,1.0
54,254,1.1,0.0
56,165,3.3,0.0
188,225,4.7,1.0
38,143,4.0,1.0
51,33,3.4,0.0
117,203,4.5,1.0
24,86,3.4,0.0
69,95,3.5,1.0
134,5,1.7,0.0
11,42,3.7,1.0
119,0,2.5,0.0
22,161,2.6,0.0
148,130,3.0,0.0
23,176,1.0,0.0
36,170,4.0,1.0
7,248,1.0,0.0
22,51,4.8,1.0
10,58,3.0,0.0
160,34,1.0,0.0
18,66,5.0,1.0
129,248,5.0,1.0
77,260,3.2,0.0
38,127,4.5,1.0
84,125,5.0,1.0
90,15,3.5,1.0
46,234,1.4,0.0
163,16,2.0,0.0
125,124,5.0,1.0
103,289,3.2,0.0
148,95,2.2,0.0
124,31,3.1,0.0
151,291,4.7,1.0
159,201,4.9,1.0
191,202,4.1,1.0
132,86,2.9,0.0
198,295,5.0,1.0
165,73,2.0,0.0
187,255,5.0,1.0
32,79,4.4,1.0
99,172,5.0,1.0
24,206,1.9,0.0
36,61,5.0,1.0
117,56,2.4,0.0
187,42,1.0,0.0
119,15,2.0,0.0
150,11,3.1,0.0
119,220,3.7,1.0
183,154,3.2,0.0
1,40,5.0,1.0
75,231,1.7,0.0
52,193,3.3,0.0
171,133,3.2,0.0
46,189,3.4,0.0
117,36,1.9,0.0
26,111,4.4,1.0
94,2,3.9,1.0
118,69,4.2,1.0
15,46,4.5,1.0
142,278,3.1,0.0
111,134,5.0,1.0
68,104,5.0,1.0
153,143,2.7,0.0
160,44,2.8,0.0
130,77,2.6,0.0
59,217,2.8,0.0
109,70,4.8,1.0
153,20,1.7,0.0
56,85,4.6,1.0
49,7,3.3,0.0
165,130,2.6,0.0
48,163,4.4,1.0
101,179,5.0,1.0
171,226,3.9,1.0
176,251,4.6,1.0
187,131,3.3,0.0
107,103,4.1,1.0
163,49,2.3,0.0
33,50,4.5,1.0
189,110,1.8,0.0
134,103,4.3,1.0
58,111,4.3,1.0
13,174,1.0,0.0
190,144,2.4,0.0
122,205,4.1,1.0
80,83,4.7,1.0
117,155,3.8,1.0
117,238,4.5,1.0
1,53,3.9,1.0
86,55,3.3,0.0
199,111,2.3,0.0
123,289,4.1,1.0
118,204,3.5,1.0
4,109,2.9,0.0
52,134,3.6,1.0
95,298,1.4,0.0
61,106,3.6,1.0
75,22,3.9,1.0
142,15,1.9,0.0
32,174,3.5,1.0
183,76,1.9,0.0
184,274,5.0,1.0
100,186,4.5,1.0
142,242,5.0,1.0
122,220,5.0,1.0
22,48,5.0,1.0
81,164,5.0,1.0
61,155,4.8,1.0
71,219,3.5,1.0
101,172,4.4,1.0
9,124,2.3,0.0
140,41,1.4,0.0
119,151,3.6,1.0
145,127,3.2,0.0
142,223,5.0,1.0
190,84,1.7,0.0
166,272,4.7,1.0
6,259,1.9,0.0
51,175,3.2,0.0
128,295,2.9,0.0
75,299,1.6,0.0
41,95,3.9,1.0
99,183,4.9,1.0
64,92,4.5,1.0
154,211,5.0,1.0
123,34,1.6,0.0
39,112,3.8,1.0
38,83,4.2,1.0
1,260,1.4,0.0
150,254,4.2,1.0
102,124,4.1,1.0
103,209,3.8,1.0
93,155,4.0,1.0
103,120,5.0,1.0
66,147,4.0,1.0
20,15,4.3,1.0
90,17,3.1,0.0
105,235,2.9,0.0
167,234,4.5,1.0
149,228,5.0,1.0
9,42,4.2,1.0
109,61,3.7,1.0
162,227,5.0,1.0
198,30,1.8,0.0
189,87,2.3,0.0
149,265,4.1,1.0
175,176,3.6,1.0
44,214,2.8,0.0
12,277,1.0,0.0
196,221,5.0,1.0
164,58,1.8,0.0
26,12,3.5,1.0
41,106,4.6,1.0
124,172,3.9,1.0
37,131,3.2,0.0
20,56,3.4,0.0
143,279,2.8,0.0
83,75,5.0,1.0
32,219,1.7,0.0
51,86,4.8,1.0
145,98,2.5,0.0
187,37,1.2,0.0
116,155,4.6,1.0
161,100,2.8,0.0
62,162,3.2,0.0
103,207,4.4,1.0
105,183,5.0,1.0
80,244,1.9,0.0
39,106,4.7,1.0
160,46,1.9,0.0
167,167,3.3,0.0
138,190,4.3,1.0
197,201,4.0,1.0
126,260,5.0,1.0
13,258,1.0,0.0
24,151,3.6,1.0
73,221,4.0,1.0
48,19,3.5,1.0
120,269,2.9,0.0
61,214,2.2,0.0
48,16,3.1,0.0
163,71,1.0,0.0
0,259,1.4,0.0
75,82,4.5,1.0
112,70,2.7,0.0
163,184,4.2,1.0
48,174,3.0,0.0
145,14,1.7,0.0
123,273,3.7,1.0
197,48,1.0,0.0
114,202,4.5,1.0
180,91,2.7,0.0
102,118,5.0,1.0
49,286,1.6,0.0
23,16,4.4,1.0
134,170,3.9,1.0
179,120,3.4,0.0
25,215,3.0,0.0
85,109,4.7,1.0
86,35,4.5,1.0
51,234,2.9,0.0
77,193,4.1,1.0
75,245,3.3,0.0
8,9,5.0,1.0
14,241,2.3,0.0
160,214,5.0,1.0
60,73,5.0,1.0
187,199,2.9,0.0
2,164,2.3,0.0
32,140,2.8,0.0
156,43,1.2,0.0
133,172,3.6,1.0
1,263,1.6,0.0
157,5,2.0,0.0
83,74,4.0,1.0
17,167,3.1,0.0
107,77,4.8,1.0
138,269,5.0,1.0
78,97,4.8,1.0
106,282,3.5,1.0
174,231,5.0,1.0
99,139,4.1,1.0
187,210,4.2,1.0
142,187,3.5,1.0
146,173,4.5,1.0
2,206,1.8,0.0
143,160,3.9,1.0
107,280,2.9,0.0
12,162,1.7,0.0
178,223,4.6,1.0
7,146,1.5,0.0
61,243,2.6,0.0
146,57,2.4,0.0
164,257,5.0,1.0
78,104,5.0,1.0
111,166,4.6,1.0
169,23,1.8,0.0
31,89,4.4,1.0
74,194,4.3,1.0
92,202,5.0,1.0
27,82,4.0,1.0
33,265,1.4,0.0
85,283,3.1,0.0
79,177,3.4,0.0
159,87,2.8,0.0
117,244,3.5,1.0
51,10,3.3,0.0
106,293,2.0,0.0
104,112,3.7,1.0
106,29,3.8,1.0
57,122,5.0,1.0
160,175,2.9,0.0
88,213,2.8,0.0
60,232,2.3,0.0
89,201,3.5,1.0
178,186,3.5,1.0
145,215,5.0,1.0
22,143,3.4,0.0
102,133,4.3,1.0
136,234,5.0,1.0
75,249,2.3,0.0
58,194,5.0,1.0
38,118,4.2,1.0
167,85,1.6,0.0
117,79,3.6,1.0
10,228,2.6,0.0
55,258,2.7,0.0
25,131,3.5,1.0
11,212,1.7,0.0
95,0,2.0,0.0
55,11,3.9,1.0
70,157,3.9,1.0
189,23,1.0,0.0
19,171,2.6,0.0
53,101,4.2,1.0
46,228,2.1,0.0
66,215,3.6,1.0
73,70,3.7,1.0
22,81,4.7,1.0
